,diffusion_time_ns,delay_us,crescent_saturation,counts_x,counts_y,replicate
0,21746,60,0.01,5108,11349,0
1,21746,60,0.01,5208,11497,1
2,21746,60,0.01,5154,11435,2
3,21746,60,0.01,5175,11397,3
4,21746,60,0.01,5202,11279,4
5,21746,60,0.01,5063,11374,5
6,21746,60,0.05,4949,10876,0
7,21746,60,0.05,4844,10971,1
8,21746,60,0.05,4960,10848,2
9,21746,60,0.05,4949,10930,3
10,21746,60,0.05,4961,10842,4
11,21746,60,0.05,4936,10752,5
12,21746,60,0.25,4157,8986,0
13,21746,60,0.25,4095,8994,1
14,21746,60,0.25,4054,9061,2
15,21746,60,0.25,4134,8999,3
16,21746,60,0.25,4050,9164,4
17,21746,60,0.25,3986,8948,5
18,21746,60,1.25,2703,5699,0
19,21746,60,1.25,2585,5646,1
20,21746,60,1.25,2614,5709,2
21,21746,60,1.25,2547,5701,3
22,21746,60,1.25,2571,5828,4
23,21746,60,1.25,2500,5697,5
24,21746,60,6.25,1318,2959,0
25,21746,60,6.25,1378,2891,1
26,21746,60,6.25,1312,2915,2
27,21746,60,6.25,1311,2863,3
28,21746,60,6.25,1303,2933,4
29,21746,60,6.25,1347,2880,5
30,21746,120,0.01,4831,10988,0
31,21746,120,0.01,4917,10687,1
32,21746,120,0.01,4971,10633,2
33,21746,120,0.01,4715,10824,3
34,21746,120,0.01,4938,10702,4
35,21746,120,0.01,4886,10560,5
36,21746,120,0.05,4835,10102,0
37,21746,120,0.05,4685,10387,1
38,21746,120,0.05,4562,10311,2
39,21746,120,0.05,4721,10267,3
40,21746,120,0.05,4569,10404,4
41,21746,120,0.05,4584,10397,5
42,21746,120,0.25,3776,8550,0
43,21746,120,0.25,3876,8628,1
44,21746,120,0.25,3795,8576,2
45,21746,120,0.25,3805,8534,3
46,21746,120,0.25,3821,8466,4
47,21746,120,0.25,3879,8475,5
48,21746,120,1.25,2404,5232,0
49,21746,120,1.25,2488,5488,1
50,21746,120,1.25,2442,5443,2
51,21746,120,1.25,2477,5408,3
52,21746,120,1.25,2424,5353,4
53,21746,120,1.25,2425,5554,5
54,21746,120,6.25,1243,2828,0
55,21746,120,6.25,1255,2810,1
56,21746,120,6.25,1232,2796,2
57,21746,120,6.25,1251,2900,3
58,21746,120,6.25,1196,2742,4
59,21746,120,6.25,1229,2810,5
60,21746,180,0.01,4576,10049,0
61,21746,180,0.01,4451,10151,1
62,21746,180,0.01,4576,10004,2
63,21746,180,0.01,4541,10138,3
64,21746,180,0.01,4566,10267,4
65,21746,180,0.01,4646,10212,5
66,21746,180,0.05,4297,9675,0
67,21746,180,0.05,4342,9708,1
68,21746,180,0.05,4384,9628,2
69,21746,180,0.05,4480,9582,3
70,21746,180,0.05,4429,9532,4
71,21746,180,0.05,4367,9642,5
72,21746,180,0.25,3603,8057,0
73,21746,180,0.25,3517,7898,1
74,21746,180,0.25,3610,7889,2
75,21746,180,0.25,3688,8060,3
76,21746,180,0.25,3651,8038,4
77,21746,180,0.25,3605,8033,5
78,21746,180,1.25,2314,5095,0
79,21746,180,1.25,2259,5082,1
80,21746,180,1.25,2343,5023,2
81,21746,180,1.25,2227,4985,3
82,21746,180,1.25,2309,5195,4
83,21746,180,1.25,2279,5060,5
84,21746,180,6.25,1140,2594,0
85,21746,180,6.25,1169,2435,1
86,21746,180,6.25,1253,2641,2
87,21746,180,6.25,1223,2508,3
88,21746,180,6.25,1129,2596,4
89,21746,180,6.25,1288,2574,5
90,21746,240,0.01,4166,9582,0
91,21746,240,0.01,4255,9596,1
92,21746,240,0.01,4323,9407,2
93,21746,240,0.01,4267,9502,3
94,21746,240,0.01,4385,9489,4
95,21746,240,0.01,4262,9536,5
96,21746,240,0.05,4128,9115,0
97,21746,240,0.05,4102,9242,1
98,21746,240,0.05,4114,9131,2
99,21746,240,0.05,4142,9101,3
100,21746,240,0.05,4064,9199,4
101,21746,240,0.05,4112,9016,5
102,21746,240,0.25,3362,7520,0
103,21746,240,0.25,3441,7654,1
104,21746,240,0.25,3360,7604,2
105,21746,240,0.25,3356,7651,3
106,21746,240,0.25,3418,7438,4
107,21746,240,0.25,3293,7664,5
108,21746,240,1.25,2105,4728,0
109,21746,240,1.25,2133,4726,1
110,21746,240,1.25,2104,4651,2
111,21746,240,1.25,2112,4755,3
112,21746,240,1.25,2115,4768,4
113,21746,240,1.25,2117,4773,5
114,21746,240,6.25,1133,2471,0
115,21746,240,6.25,1119,2391,1
116,21746,240,6.25,1086,2433,2
117,21746,240,6.25,1122,2507,3
118,21746,240,6.25,1141,2424,4
119,21746,240,6.25,1069,2386,5
120,21746,300,0.01,4074,8955,0
121,21746,300,0.01,4091,9055,1
122,21746,300,0.01,4086,9061,2
123,21746,300,0.01,4084,9287,3
124,21746,300,0.01,4107,9111,4
125,21746,300,0.01,4008,9085,5
126,21746,300,0.05,3735,8716,0
127,21746,300,0.05,3961,8732,1
128,21746,300,0.05,3939,8515,2
129,21746,300,0.05,4052,8472,3
130,21746,300,0.05,3940,8507,4
131,21746,300,0.05,3794,8572,5
132,21746,300,0.25,3262,6965,0
133,21746,300,0.25,3199,7238,1
134,21746,300,0.25,3111,7199,2
135,21746,300,0.25,3225,7114,3
136,21746,300,0.25,3295,7172,4
137,21746,300,0.25,3268,7016,5
138,21746,300,1.25,2029,4572,0
139,21746,300,1.25,1991,4381,1
140,21746,300,1.25,1974,4444,2
141,21746,300,1.25,2042,4503,3
142,21746,300,1.25,2040,4494,4
143,21746,300,1.25,2114,4502,5
144,21746,300,6.25,1057,2262,0
145,21746,300,6.25,979,2330,1
146,21746,300,6.25,1028,2266,2
147,21746,300,6.25,1014,2285,3
148,21746,300,6.25,1041,2178,4
149,21746,300,6.25,1060,2295,5
150,21746,360,0.01,3795,8628,0
151,21746,360,0.01,3834,8540,1
152,21746,360,0.01,3877,8423,2
153,21746,360,0.01,3895,8450,3
154,21746,360,0.01,3732,8325,4
155,21746,360,0.01,3768,8426,5
156,21746,360,0.05,3641,8128,0
157,21746,360,0.05,3618,7919,1
158,21746,360,0.05,3664,8036,2
159,21746,360,0.05,3587,8099,3
160,21746,360,0.05,3593,8167,4
161,21746,360,0.05,3769,8011,5
162,21746,360,0.25,3048,6722,0
163,21746,360,0.25,3011,6640,1
164,21746,360,0.25,3001,6622,2
165,21746,360,0.25,3039,6823,3
166,21746,360,0.25,3127,6745,4
167,21746,360,0.25,3073,6632,5
168,21746,360,1.25,1903,4202,0
169,21746,360,1.25,1889,4161,1
170,21746,360,1.25,1898,4193,2
171,21746,360,1.25,1999,4246,3
172,21746,360,1.25,1914,4241,4
173,21746,360,1.25,1853,4176,5
174,21746,360,6.25,962,2273,0
175,21746,360,6.25,929,2219,1
176,21746,360,6.25,1008,2246,2
177,21746,360,6.25,922,2191,3
178,21746,360,6.25,916,2140,4
179,21746,360,6.25,948,2112,5
180,21746,420,0.01,3655,7901,0
181,21746,420,0.01,3630,7948,1
182,21746,420,0.01,3645,7875,2
183,21746,420,0.01,3435,8067,3
184,21746,420,0.01,3697,8032,4
185,21746,420,0.01,3673,7951,5
186,21746,420,0.05,3412,7678,0
187,21746,420,0.05,3432,7721,1
188,21746,420,0.05,3332,7630,2
189,21746,420,0.05,3431,7723,3
190,21746,420,0.05,3506,7520,4
191,21746,420,0.05,3505,7848,5
192,21746,420,0.25,2878,6231,0
193,21746,420,0.25,2868,6321,1
194,21746,420,0.25,2784,6402,2
195,21746,420,0.25,2808,6208,3
196,21746,420,0.25,2876,6363,4
197,21746,420,0.25,2914,6443,5
198,21746,420,1.25,1812,3967,0
199,21746,420,1.25,1810,3863,1
200,21746,420,1.25,1805,3894,2
201,21746,420,1.25,1844,3928,3
202,21746,420,1.25,1761,3995,4
203,21746,420,1.25,1775,4018,5
204,21746,420,6.25,887,2043,0
205,21746,420,6.25,869,2032,1
206,21746,420,6.25,959,2054,2
207,21746,420,6.25,903,2033,3
208,21746,420,6.25,915,2066,4
209,21746,420,6.25,922,1926,5
210,21746,480,0.01,3452,7604,0
211,21746,480,0.01,3404,7611,1
212,21746,480,0.01,3316,7575,2
213,21746,480,0.01,3360,7572,3
214,21746,480,0.01,3481,7687,4
215,21746,480,0.01,3369,7502,5
216,21746,480,0.05,3261,7256,0
217,21746,480,0.05,3188,7092,1
218,21746,480,0.05,3191,7138,2
219,21746,480,0.05,3142,7271,3
220,21746,480,0.05,3185,7076,4
221,21746,480,0.05,3128,7198,5
222,21746,480,0.25,2675,5889,0
223,21746,480,0.25,2668,5947,1
224,21746,480,0.25,2671,5946,2
225,21746,480,0.25,2685,6045,3
226,21746,480,0.25,2684,6008,4
227,21746,480,0.25,2725,5976,5
228,21746,480,1.25,1659,3759,0
229,21746,480,1.25,1607,3720,1
230,21746,480,1.25,1724,3742,2
231,21746,480,1.25,1720,3734,3
232,21746,480,1.25,1655,3789,4
233,21746,480,1.25,1705,3800,5
234,21746,480,6.25,874,1942,0
235,21746,480,6.25,870,1915,1
236,21746,480,6.25,902,1927,2
237,21746,480,6.25,835,1963,3
238,21746,480,6.25,865,1903,4
239,21746,480,6.25,914,1981,5
240,21746,540,0.01,3162,7162,0
241,21746,540,0.01,3167,7009,1
242,21746,540,0.01,3119,6938,2
243,21746,540,0.01,3171,7061,3
244,21746,540,0.01,3293,7057,4
245,21746,540,0.01,3178,7113,5
246,21746,540,0.05,3045,6774,0
247,21746,540,0.05,3207,6835,1
248,21746,540,0.05,3137,6819,2
249,21746,540,0.05,3020,6801,3
250,21746,540,0.05,3129,6846,4
251,21746,540,0.05,3081,6723,5
252,21746,540,0.25,2527,5690,0
253,21746,540,0.25,2561,5539,1
254,21746,540,0.25,2616,5631,2
255,21746,540,0.25,2531,5538,3
256,21746,540,0.25,2459,5623,4
257,21746,540,0.25,2531,5688,5
258,21746,540,1.25,1612,3510,0
259,21746,540,1.25,1593,3586,1
260,21746,540,1.25,1630,3497,2
261,21746,540,1.25,1564,3542,3
262,21746,540,1.25,1528,3597,4
263,21746,540,1.25,1593,3586,5
264,21746,540,6.25,844,1809,0
265,21746,540,6.25,799,1733,1
266,21746,540,6.25,799,1764,2
267,21746,540,6.25,796,1822,3
268,21746,540,6.25,841,1798,4
269,21746,540,6.25,882,1745,5
270,21746,600,0.01,2994,6687,0
271,21746,600,0.01,3096,6780,1
272,21746,600,0.01,2983,6699,2
273,21746,600,0.01,3091,6485,3
274,21746,600,0.01,2983,6579,4
275,21746,600,0.01,2984,6690,5
276,21746,600,0.05,2944,6376,0
277,21746,600,0.05,2812,6519,1
278,21746,600,0.05,2766,6303,2
279,21746,600,0.05,2950,6276,3
280,21746,600,0.05,2893,6363,4
281,21746,600,0.05,2902,6388,5
282,21746,600,0.25,2378,5206,0
283,21746,600,0.25,2404,5264,1
284,21746,600,0.25,2400,5249,2
285,21746,600,0.25,2416,5176,3
286,21746,600,0.25,2341,5213,4
287,21746,600,0.25,2425,5385,5
288,21746,600,1.25,1467,3327,0
289,21746,600,1.25,1490,3261,1
290,21746,600,1.25,1504,3303,2
291,21746,600,1.25,1534,3361,3
292,21746,600,1.25,1484,3331,4
293,21746,600,1.25,1532,3348,5
294,21746,600,6.25,787,1771,0
295,21746,600,6.25,761,1653,1
296,21746,600,6.25,833,1740,2
297,21746,600,6.25,809,1644,3
298,21746,600,6.25,843,1730,4
299,21746,600,6.25,724,1774,5
300,21746,660,0.01,2840,6307,0
301,21746,660,0.01,2724,6207,1
302,21746,660,0.01,2875,6366,2
303,21746,660,0.01,2859,6143,3
304,21746,660,0.01,2858,6390,4
305,21746,660,0.01,2834,6221,5
306,21746,660,0.05,2686,5962,0
307,21746,660,0.05,2637,5976,1
308,21746,660,0.05,2717,5966,2
309,21746,660,0.05,2613,6040,3
310,21746,660,0.05,2689,6018,4
311,21746,660,0.05,2676,5907,5
312,21746,660,0.25,2277,4976,0
313,21746,660,0.25,2225,4913,1
314,21746,660,0.25,2198,5022,2
315,21746,660,0.25,2197,4881,3
316,21746,660,0.25,2237,4967,4
317,21746,660,0.25,2211,4953,5
318,21746,660,1.25,1437,3225,0
319,21746,660,1.25,1405,3022,1
320,21746,660,1.25,1401,3110,2
321,21746,660,1.25,1445,3047,3
322,21746,660,1.25,1362,3069,4
323,21746,660,1.25,1451,3044,5
324,21746,660,6.25,720,1605,0
325,21746,660,6.25,723,1668,1
326,21746,660,6.25,744,1580,2
327,21746,660,6.25,706,1660,3
328,21746,660,6.25,691,1582,4
329,21746,660,6.25,770,1603,5
330,21746,720,0.01,2630,5928,0
331,21746,720,0.01,2695,5822,1
332,21746,720,0.01,2657,5965,2
333,21746,720,0.01,2673,5996,3
334,21746,720,0.01,2706,5936,4
335,21746,720,0.01,2657,5883,5
336,21746,720,0.05,2577,5626,0
337,21746,720,0.05,2542,5486,1
338,21746,720,0.05,2576,5715,2
339,21746,720,0.05,2539,5627,3
340,21746,720,0.05,2596,5527,4
341,21746,720,0.05,2544,5604,5
342,21746,720,0.25,2166,4792,0
343,21746,720,0.25,2147,4616,1
344,21746,720,0.25,2131,4633,2
345,21746,720,0.25,2075,4648,3
346,21746,720,0.25,2073,4638,4
347,21746,720,0.25,2200,4724,5
348,21746,720,1.25,1340,3001,0
349,21746,720,1.25,1366,3078,1
350,21746,720,1.25,1342,2916,2
351,21746,720,1.25,1313,2914,3
352,21746,720,1.25,1384,2897,4
353,21746,720,1.25,1306,2970,5
354,21746,720,6.25,639,1450,0
355,21746,720,6.25,699,1517,1
356,21746,720,6.25,638,1499,2
357,21746,720,6.25,715,1621,3
358,21746,720,6.25,689,1473,4
359,21746,720,6.25,701,1400,5
360,21746,780,0.01,2537,5703,0
361,21746,780,0.01,2577,5614,1
362,21746,780,0.01,2449,5544,2
363,21746,780,0.01,2487,5519,3
364,21746,780,0.01,2536,5648,4
365,21746,780,0.01,2523,5678,5
366,21746,780,0.05,2432,5282,0
367,21746,780,0.05,2429,5364,1
368,21746,780,0.05,2483,5330,2
369,21746,780,0.05,2415,5333,3
370,21746,780,0.05,2405,5317,4
371,21746,780,0.05,2439,5318,5
372,21746,780,0.25,1945,4371,0
373,21746,780,0.25,2038,4317,1
374,21746,780,0.25,2035,4388,2
375,21746,780,0.25,1946,4510,3
376,21746,780,0.25,2051,4515,4
377,21746,780,0.25,2047,4338,5
378,21746,780,1.25,1186,2806,0
379,21746,780,1.25,1196,2804,1
380,21746,780,1.25,1195,2813,2
381,21746,780,1.25,1253,2819,3
382,21746,780,1.25,1199,2813,4
383,21746,780,1.25,1191,2757,5
384,21746,780,6.25,617,1392,0
385,21746,780,6.25,654,1442,1
386,21746,780,6.25,633,1448,2
387,21746,780,6.25,620,1417,3
388,21746,780,6.25,624,1373,4
389,21746,780,6.25,697,1381,5
390,21746,840,0.01,2366,5294,0
391,21746,840,0.01,2466,5328,1
392,21746,840,0.01,2356,5232,2
393,21746,840,0.01,2435,5409,3
394,21746,840,0.01,2400,5261,4
395,21746,840,0.01,2317,5222,5
396,21746,840,0.05,2228,4980,0
397,21746,840,0.05,2273,4913,1
398,21746,840,0.05,2228,4902,2
399,21746,840,0.05,2311,5018,3
400,21746,840,0.05,2229,4953,4
401,21746,840,0.05,2242,4934,5
402,21746,840,0.25,1889,4204,0
403,21746,840,0.25,1827,4261,1
404,21746,840,0.25,1744,4084,2
405,21746,840,0.25,1877,4155,3
406,21746,840,0.25,1881,4220,4
407,21746,840,0.25,1790,4095,5
408,21746,840,1.25,1230,2633,0
409,21746,840,1.25,1145,2668,1
410,21746,840,1.25,1153,2685,2
411,21746,840,1.25,1182,2573,3
412,21746,840,1.25,1144,2629,4
413,21746,840,1.25,1201,2559,5
414,21746,840,6.25,600,1341,0
415,21746,840,6.25,608,1364,1
416,21746,840,6.25,584,1341,2
417,21746,840,6.25,580,1382,3
418,21746,840,6.25,601,1358,4
419,21746,840,6.25,651,1322,5
420,21746,900,0.01,2302,4989,0
421,21746,900,0.01,2237,4980,1
422,21746,900,0.01,2225,4985,2
423,21746,900,0.01,2240,5058,3
424,21746,900,0.01,2215,4843,4
425,21746,900,0.01,2221,4948,5
426,21746,900,0.05,2180,4712,0
427,21746,900,0.05,2138,4779,1
428,21746,900,0.05,2129,4764,2
429,21746,900,0.05,2161,4650,3
430,21746,900,0.05,2020,4713,4
431,21746,900,0.05,2122,4690,5
432,21746,900,0.25,1778,3937,0
433,21746,900,0.25,1746,3894,1
434,21746,900,0.25,1856,3834,2
435,21746,900,0.25,1780,3830,3
436,21746,900,0.25,1804,3901,4
437,21746,900,0.25,1797,3973,5
438,21746,900,1.25,1099,2441,0
439,21746,900,1.25,1100,2419,1
440,21746,900,1.25,1104,2395,2
441,21746,900,1.25,1050,2517,3
442,21746,900,1.25,1131,2438,4
443,21746,900,1.25,1111,2450,5
444,21746,900,6.25,550,1206,0
445,21746,900,6.25,577,1279,1
446,21746,900,6.25,606,1257,2
447,21746,900,6.25,513,1274,3
448,21746,900,6.25,609,1270,4
449,21746,900,6.25,577,1266,5
450,73394,60,0.01,5340,10950,0
451,73394,60,0.01,5265,11140,1
452,73394,60,0.01,5163,11079,2
453,73394,60,0.01,5354,11051,3
454,73394,60,0.01,5295,11048,4
455,73394,60,0.01,5358,10857,5
456,73394,60,0.05,5044,10676,0
457,73394,60,0.05,5169,10483,1
458,73394,60,0.05,5132,10497,2
459,73394,60,0.05,5118,10473,3
460,73394,60,0.05,5101,10421,4
461,73394,60,0.05,4978,10541,5
462,73394,60,0.25,4190,8676,0
463,73394,60,0.25,4253,8606,1
464,73394,60,0.25,4269,8609,2
465,73394,60,0.25,4182,8399,3
466,73394,60,0.25,4223,8383,4
467,73394,60,0.25,4129,8487,5
468,73394,60,1.25,2645,5266,0
469,73394,60,1.25,2622,5261,1
470,73394,60,1.25,2673,5233,2
471,73394,60,1.25,2636,5425,3
472,73394,60,1.25,2693,5237,4
473,73394,60,1.25,2631,5377,5
474,73394,60,6.25,1394,2676,0
475,73394,60,6.25,1388,2699,1
476,73394,60,6.25,1378,2719,2
477,73394,60,6.25,1351,2683,3
478,73394,60,6.25,1358,2688,4
479,73394,60,6.25,1337,2633,5
480,73394,120,0.01,4848,10818,0
481,73394,120,0.01,4924,10783,1
482,73394,120,0.01,4909,10715,2
483,73394,120,0.01,4828,10609,3
484,73394,120,0.01,4832,10876,4
485,73394,120,0.01,4755,10910,5
486,73394,120,0.05,4699,10230,0
487,73394,120,0.05,4652,10292,1
488,73394,120,0.05,4692,10224,2
489,73394,120,0.05,4696,10296,3
490,73394,120,0.05,4692,10224,4
491,73394,120,0.05,4699,10218,5
492,73394,120,0.25,3846,8485,0
493,73394,120,0.25,3835,8426,1
494,73394,120,0.25,3894,8408,2
495,73394,120,0.25,3830,8531,3
496,73394,120,0.25,3925,8387,4
497,73394,120,0.25,3781,8498,5
498,73394,120,1.25,2421,5238,0
499,73394,120,1.25,2427,5352,1
500,73394,120,1.25,2399,5395,2
501,73394,120,1.25,2463,5461,3
502,73394,120,1.25,2483,5311,4
503,73394,120,1.25,2397,5259,5
504,73394,120,6.25,1261,2750,0
505,73394,120,6.25,1243,2873,1
506,73394,120,6.25,1232,2859,2
507,73394,120,6.25,1248,2837,3
508,73394,120,6.25,1298,2819,4
509,73394,120,6.25,1277,2693,5
510,73394,180,0.01,4519,10272,0
511,73394,180,0.01,4596,10137,1
512,73394,180,0.01,4500,10086,2
513,73394,180,0.01,4600,10245,3
514,73394,180,0.01,4701,10105,4
515,73394,180,0.01,4518,10131,5
516,73394,180,0.05,4348,9559,0
517,73394,180,0.05,4340,9807,1
518,73394,180,0.05,4238,9630,2
519,73394,180,0.05,4365,9551,3
520,73394,180,0.05,4374,9711,4
521,73394,180,0.05,4337,9683,5
522,73394,180,0.25,3671,7996,0
523,73394,180,0.25,3598,7949,1
524,73394,180,0.25,3634,8165,2
525,73394,180,0.25,3599,8021,3
526,73394,180,0.25,3679,7957,4
527,73394,180,0.25,3653,8073,5
528,73394,180,1.25,2343,5100,0
529,73394,180,1.25,2265,5160,1
530,73394,180,1.25,2306,5082,2
531,73394,180,1.25,2203,5146,3
532,73394,180,1.25,2271,5063,4
533,73394,180,1.25,2262,5057,5
534,73394,180,6.25,1160,2595,0
535,73394,180,6.25,1132,2621,1
536,73394,180,6.25,1222,2597,2
537,73394,180,6.25,1112,2618,3
538,73394,180,6.25,1215,2590,4
539,73394,180,6.25,1208,2632,5
540,73394,240,0.01,4309,9588,0
541,73394,240,0.01,4414,9721,1
542,73394,240,0.01,4350,9619,2
543,73394,240,0.01,4399,9497,3
544,73394,240,0.01,4247,9630,4
545,73394,240,0.01,4273,9518,5
546,73394,240,0.05,4163,8924,0
547,73394,240,0.05,4091,9102,1
548,73394,240,0.05,4152,9275,2
549,73394,240,0.05,4073,9183,3
550,73394,240,0.05,4054,9314,4
551,73394,240,0.05,4153,9129,5
552,73394,240,0.25,3346,7551,0
553,73394,240,0.25,3348,7570,1
554,73394,240,0.25,3484,7616,2
555,73394,240,0.25,3485,7242,3
556,73394,240,0.25,3314,7546,4
557,73394,240,0.25,3514,7428,5
558,73394,240,1.25,2187,4831,0
559,73394,240,1.25,2160,4676,1
560,73394,240,1.25,2189,4759,2
561,73394,240,1.25,2072,4882,3
562,73394,240,1.25,2218,4744,4
563,73394,240,1.25,2146,4677,5
564,73394,240,6.25,1107,2486,0
565,73394,240,6.25,1126,2440,1
566,73394,240,6.25,1117,2515,2
567,73394,240,6.25,1058,2473,3
568,73394,240,6.25,1127,2495,4
569,73394,240,6.25,1099,2427,5
570,73394,300,0.01,4090,9013,0
571,73394,300,0.01,4140,8752,1
572,73394,300,0.01,4193,9193,2
573,73394,300,0.01,4093,9017,3
574,73394,300,0.01,4035,9021,4
575,73394,300,0.01,4143,8905,5
576,73394,300,0.05,3872,8535,0
577,73394,300,0.05,3823,8581,1
578,73394,300,0.05,3918,8373,2
579,73394,300,0.05,3876,8463,3
580,73394,300,0.05,3879,8710,4
581,73394,300,0.05,3832,8553,5
582,73394,300,0.25,3307,7169,0
583,73394,300,0.25,3230,6979,1
584,73394,300,0.25,3271,7195,2
585,73394,300,0.25,3228,7120,3
586,73394,300,0.25,3173,7165,4
587,73394,300,0.25,3305,7264,5
588,73394,300,1.25,2007,4454,0
589,73394,300,1.25,2142,4503,1
590,73394,300,1.25,2034,4493,2
591,73394,300,1.25,2031,4472,3
592,73394,300,1.25,1982,4402,4
593,73394,300,1.25,2017,4500,5
594,73394,300,6.25,1062,2356,0
595,73394,300,6.25,1072,2334,1
596,73394,300,6.25,1060,2324,2
597,73394,300,6.25,1101,2321,3
598,73394,300,6.25,1066,2366,4
599,73394,300,6.25,1088,2321,5
600,73394,360,0.01,3816,8500,0
601,73394,360,0.01,3857,8353,1
602,73394,360,0.01,3820,8405,2
603,73394,360,0.01,3819,8384,3
604,73394,360,0.01,3892,8373,4
605,73394,360,0.01,3851,8364,5
606,73394,360,0.05,3735,7991,0
607,73394,360,0.05,3636,8083,1
608,73394,360,0.05,3627,8096,2
609,73394,360,0.05,3624,8066,3
610,73394,360,0.05,3645,8149,4
611,73394,360,0.05,3651,8223,5
612,73394,360,0.25,3041,6627,0
613,73394,360,0.25,3046,6684,1
614,73394,360,0.25,2954,6627,2
615,73394,360,0.25,3018,6649,3
616,73394,360,0.25,2906,6769,4
617,73394,360,0.25,2968,6774,5
618,73394,360,1.25,1890,4141,0
619,73394,360,1.25,1843,4354,1
620,73394,360,1.25,1882,4239,2
621,73394,360,1.25,1909,4265,3
622,73394,360,1.25,1895,4226,4
623,73394,360,1.25,1928,4217,5
624,73394,360,6.25,1035,2122,0
625,73394,360,6.25,968,2117,1
626,73394,360,6.25,967,2191,2
627,73394,360,6.25,950,2167,3
628,73394,360,6.25,1033,2205,4
629,73394,360,6.25,1036,2171,5
630,73394,420,0.01,3631,7996,0
631,73394,420,0.01,3548,7773,1
632,73394,420,0.01,3608,7980,2
633,73394,420,0.01,3604,8059,3
634,73394,420,0.01,3619,8037,4
635,73394,420,0.01,3587,7829,5
636,73394,420,0.05,3484,7655,0
637,73394,420,0.05,3464,7635,1
638,73394,420,0.05,3395,7648,2
639,73394,420,0.05,3343,7535,3
640,73394,420,0.05,3455,7546,4
641,73394,420,0.05,3453,7650,5
642,73394,420,0.25,2898,6239,0
643,73394,420,0.25,2881,6273,1
644,73394,420,0.25,2937,6264,2
645,73394,420,0.25,2888,6277,3
646,73394,420,0.25,2786,6366,4
647,73394,420,0.25,2785,6246,5
648,73394,420,1.25,1818,4067,0
649,73394,420,1.25,1836,3939,1
650,73394,420,1.25,1766,3862,2
651,73394,420,1.25,1808,4003,3
652,73394,420,1.25,1757,4072,4
653,73394,420,1.25,1761,3926,5
654,73394,420,6.25,944,2044,0
655,73394,420,6.25,939,2031,1
656,73394,420,6.25,967,2123,2
657,73394,420,6.25,949,2127,3
658,73394,420,6.25,949,2036,4
659,73394,420,6.25,961,2078,5
660,73394,480,0.01,3356,7469,0
661,73394,480,0.01,3526,7521,1
662,73394,480,0.01,3497,7623,2
663,73394,480,0.01,3365,7360,3
664,73394,480,0.01,3395,7681,4
665,73394,480,0.01,3397,7543,5
666,73394,480,0.05,3267,7255,0
667,73394,480,0.05,3307,7218,1
668,73394,480,0.05,3189,7072,2
669,73394,480,0.05,3223,7106,3
670,73394,480,0.05,3276,7176,4
671,73394,480,0.05,3289,7148,5
672,73394,480,0.25,2703,5825,0
673,73394,480,0.25,2631,5916,1
674,73394,480,0.25,2672,5732,2
675,73394,480,0.25,2721,5949,3
676,73394,480,0.25,2705,5885,4
677,73394,480,0.25,2652,5911,5
678,73394,480,1.25,1719,3797,0
679,73394,480,1.25,1727,3642,1
680,73394,480,1.25,1671,3719,2
681,73394,480,1.25,1727,3763,3
682,73394,480,1.25,1660,3739,4
683,73394,480,1.25,1642,3586,5
684,73394,480,6.25,809,1861,0
685,73394,480,6.25,857,1958,1
686,73394,480,6.25,862,1958,2
687,73394,480,6.25,929,1907,3
688,73394,480,6.25,878,1990,4
689,73394,480,6.25,886,1979,5
690,73394,540,0.01,3191,7061,0
691,73394,540,0.01,3166,7141,1
692,73394,540,0.01,3120,7078,2
693,73394,540,0.01,3238,7097,3
694,73394,540,0.01,3264,7107,4
695,73394,540,0.01,3118,7052,5
696,73394,540,0.05,3058,6704,0
697,73394,540,0.05,2981,6713,1
698,73394,540,0.05,3108,6815,2
699,73394,540,0.05,3029,6781,3
700,73394,540,0.05,3024,6745,4
701,73394,540,0.05,3054,6852,5
702,73394,540,0.25,2540,5669,0
703,73394,540,0.25,2476,5627,1
704,73394,540,0.25,2599,5527,2
705,73394,540,0.25,2469,5655,3
706,73394,540,0.25,2523,5598,4
707,73394,540,0.25,2476,5533,5
708,73394,540,1.25,1581,3509,0
709,73394,540,1.25,1554,3554,1
710,73394,540,1.25,1607,3481,2
711,73394,540,1.25,1570,3651,3
712,73394,540,1.25,1655,3490,4
713,73394,540,1.25,1528,3583,5
714,73394,540,6.25,836,1811,0
715,73394,540,6.25,816,1885,1
716,73394,540,6.25,776,1781,2
717,73394,540,6.25,811,1863,3
718,73394,540,6.25,859,1788,4
719,73394,540,6.25,805,1908,5
720,73394,600,0.01,3005,6761,0
721,73394,600,0.01,2970,6708,1
722,73394,600,0.01,3041,6589,2
723,73394,600,0.01,3056,6535,3
724,73394,600,0.01,3088,6660,4
725,73394,600,0.01,2988,6690,5
726,73394,600,0.05,2900,6252,0
727,73394,600,0.05,2807,6390,1
728,73394,600,0.05,2876,6180,2
729,73394,600,0.05,2833,6391,3
730,73394,600,0.05,2887,6259,4
731,73394,600,0.05,2839,6333,5
732,73394,600,0.25,2373,5274,0
733,73394,600,0.25,2389,5325,1
734,73394,600,0.25,2373,5357,2
735,73394,600,0.25,2462,5236,3
736,73394,600,0.25,2432,5330,4
737,73394,600,0.25,2312,5338,5
738,73394,600,1.25,1515,3369,0
739,73394,600,1.25,1555,3313,1
740,73394,600,1.25,1459,3296,2
741,73394,600,1.25,1460,3413,3
742,73394,600,1.25,1499,3279,4
743,73394,600,1.25,1478,3443,5
744,73394,600,6.25,761,1715,0
745,73394,600,6.25,797,1691,1
746,73394,600,6.25,743,1689,2
747,73394,600,6.25,753,1783,3
748,73394,600,6.25,788,1701,4
749,73394,600,6.25,771,1700,5
750,73394,660,0.01,2828,6400,0
751,73394,660,0.01,2660,6379,1
752,73394,660,0.01,2883,6211,2
753,73394,660,0.01,2866,6137,3
754,73394,660,0.01,2867,6391,4
755,73394,660,0.01,2813,6206,5
756,73394,660,0.05,2710,5944,0
757,73394,660,0.05,2719,5932,1
758,73394,660,0.05,2637,6032,2
759,73394,660,0.05,2636,6014,3
760,73394,660,0.05,2792,5944,4
761,73394,660,0.05,2709,5961,5
762,73394,660,0.25,2261,4855,0
763,73394,660,0.25,2256,5035,1
764,73394,660,0.25,2299,4950,2
765,73394,660,0.25,2264,4837,3
766,73394,660,0.25,2240,4939,4
767,73394,660,0.25,2213,4937,5
768,73394,660,1.25,1381,3226,0
769,73394,660,1.25,1476,3147,1
770,73394,660,1.25,1428,3048,2
771,73394,660,1.25,1398,3149,3
772,73394,660,1.25,1422,3147,4
773,73394,660,1.25,1446,3122,5
774,73394,660,6.25,765,1652,0
775,73394,660,6.25,734,1675,1
776,73394,660,6.25,748,1620,2
777,73394,660,6.25,744,1677,3
778,73394,660,6.25,739,1655,4
779,73394,660,6.25,717,1613,5
780,73394,720,0.01,2745,5986,0
781,73394,720,0.01,2697,5869,1
782,73394,720,0.01,2697,5880,2
783,73394,720,0.01,2736,5923,3
784,73394,720,0.01,2743,5919,4
785,73394,720,0.01,2679,5751,5
786,73394,720,0.05,2603,5677,0
787,73394,720,0.05,2545,5566,1
788,73394,720,0.05,2550,5651,2
789,73394,720,0.05,2576,5605,3
790,73394,720,0.05,2480,5629,4
791,73394,720,0.05,2478,5569,5
792,73394,720,0.25,2079,4625,0
793,73394,720,0.25,2116,4560,1
794,73394,720,0.25,2150,4829,2
795,73394,720,0.25,2083,4660,3
796,73394,720,0.25,2124,4613,4
797,73394,720,0.25,2102,4646,5
798,73394,720,1.25,1303,2997,0
799,73394,720,1.25,1367,2979,1
800,73394,720,1.25,1301,2930,2
801,73394,720,1.25,1303,3016,3
802,73394,720,1.25,1311,2943,4
803,73394,720,1.25,1440,2984,5
804,73394,720,6.25,689,1532,0
805,73394,720,6.25,688,1500,1
806,73394,720,6.25,729,1495,2
807,73394,720,6.25,674,1547,3
808,73394,720,6.25,659,1546,4
809,73394,720,6.25,657,1603,5
810,73394,780,0.01,2583,5708,0
811,73394,780,0.01,2468,5569,1
812,73394,780,0.01,2546,5584,2
813,73394,780,0.01,2457,5535,3
814,73394,780,0.01,2459,5609,4
815,73394,780,0.01,2585,5511,5
816,73394,780,0.05,2453,5272,0
817,73394,780,0.05,2420,5133,1
818,73394,780,0.05,2378,5358,2
819,73394,780,0.05,2425,5240,3
820,73394,780,0.05,2426,5359,4
821,73394,780,0.05,2323,5289,5
822,73394,780,0.25,1938,4472,0
823,73394,780,0.25,2043,4401,1
824,73394,780,0.25,2027,4451,2
825,73394,780,0.25,2027,4367,3
826,73394,780,0.25,2000,4333,4
827,73394,780,0.25,1938,4364,5
828,73394,780,1.25,1236,2763,0
829,73394,780,1.25,1210,2808,1
830,73394,780,1.25,1283,2785,2
831,73394,780,1.25,1234,2769,3
832,73394,780,1.25,1257,2698,4
833,73394,780,1.25,1287,2828,5
834,73394,780,6.25,645,1408,0
835,73394,780,6.25,646,1426,1
836,73394,780,6.25,654,1500,2
837,73394,780,6.25,646,1398,3
838,73394,780,6.25,684,1432,4
839,73394,780,6.25,630,1544,5
840,73394,840,0.01,2441,5198,0
841,73394,840,0.01,2330,5227,1
842,73394,840,0.01,2344,5229,2
843,73394,840,0.01,2386,5180,3
844,73394,840,0.01,2392,5260,4
845,73394,840,0.01,2334,5198,5
846,73394,840,0.05,2279,5041,0
847,73394,840,0.05,2177,4909,1
848,73394,840,0.05,2279,5065,2
849,73394,840,0.05,2241,4988,3
850,73394,840,0.05,2262,4974,4
851,73394,840,0.05,2332,5008,5
852,73394,840,0.25,1935,4254,0
853,73394,840,0.25,1886,4222,1
854,73394,840,0.25,1944,4138,2
855,73394,840,0.25,1864,4135,3
856,73394,840,0.25,1896,4164,4
857,73394,840,0.25,1810,4018,5
858,73394,840,1.25,1166,2554,0
859,73394,840,1.25,1172,2689,1
860,73394,840,1.25,1183,2524,2
861,73394,840,1.25,1213,2602,3
862,73394,840,1.25,1211,2583,4
863,73394,840,1.25,1169,2682,5
864,73394,840,6.25,624,1323,0
865,73394,840,6.25,601,1382,1
866,73394,840,6.25,665,1360,2
867,73394,840,6.25,665,1363,3
868,73394,840,6.25,625,1321,4
869,73394,840,6.25,593,1350,5
870,73394,900,0.01,2249,4966,0
871,73394,900,0.01,2222,4972,1
872,73394,900,0.01,2335,5040,2
873,73394,900,0.01,2197,4896,3
874,73394,900,0.01,2266,4938,4
875,73394,900,0.01,2176,5104,5
876,73394,900,0.05,2194,4680,0
877,73394,900,0.05,2206,4730,1
878,73394,900,0.05,2102,4763,2
879,73394,900,0.05,2103,4677,3
880,73394,900,0.05,2111,4596,4
881,73394,900,0.05,2077,4676,5
882,73394,900,0.25,1751,3871,0
883,73394,900,0.25,1795,3806,1
884,73394,900,0.25,1733,3942,2
885,73394,900,0.25,1755,3851,3
886,73394,900,0.25,1733,3922,4
887,73394,900,0.25,1665,3933,5
888,73394,900,1.25,1052,2469,0
889,73394,900,1.25,1134,2437,1
890,73394,900,1.25,1100,2526,2
891,73394,900,1.25,1123,2414,3
892,73394,900,1.25,1148,2425,4
893,73394,900,1.25,1102,2442,5
894,73394,900,6.25,556,1223,0
895,73394,900,6.25,605,1254,1
896,73394,900,6.25,565,1324,2
897,73394,900,6.25,590,1337,3
898,73394,900,6.25,581,1275,4
899,73394,900,6.25,617,1260,5
900,339789,60,0.01,6191,8590,0
901,339789,60,0.01,6299,8636,1
902,339789,60,0.01,6267,8483,2
903,339789,60,0.01,6317,8680,3
904,339789,60,0.01,6413,8512,4
905,339789,60,0.01,6188,8670,5
906,339789,60,0.05,5901,7991,0
907,339789,60,0.05,5917,7897,1
908,339789,60,0.05,5912,8031,2
909,339789,60,0.05,5910,7907,3
910,339789,60,0.05,5913,7841,4
911,339789,60,0.05,6014,7933,5
912,339789,60,0.25,4887,5750,0
913,339789,60,0.25,4893,5846,1
914,339789,60,0.25,4918,5679,2
915,339789,60,0.25,4864,5816,3
916,339789,60,0.25,4981,5797,4
917,339789,60,0.25,4892,5943,5
918,339789,60,1.25,2990,2815,0
919,339789,60,1.25,2923,2862,1
920,339789,60,1.25,2852,2797,2
921,339789,60,1.25,2956,2765,3
922,339789,60,1.25,2887,2784,4
923,339789,60,1.25,2955,2860,5
924,339789,60,6.25,1529,1165,0
925,339789,60,6.25,1444,1148,1
926,339789,60,6.25,1450,1216,2
927,339789,60,6.25,1447,1161,3
928,339789,60,6.25,1563,1149,4
929,339789,60,6.25,1509,1179,5
930,339789,120,0.01,5294,9286,0
931,339789,120,0.01,5457,9253,1
932,339789,120,0.01,5461,9211,2
933,339789,120,0.01,5531,9087,3
934,339789,120,0.01,5550,8978,4
935,339789,120,0.01,5313,9149,5
936,339789,120,0.05,5314,8639,0
937,339789,120,0.05,5193,8584,1
938,339789,120,0.05,5159,8607,2
939,339789,120,0.05,5091,8526,3
940,339789,120,0.05,5268,8822,4
941,339789,120,0.05,5228,8630,5
942,339789,120,0.25,4175,6729,0
943,339789,120,0.25,4234,6688,1
944,339789,120,0.25,4366,6766,2
945,339789,120,0.25,4290,6789,3
946,339789,120,0.25,4226,6756,4
947,339789,120,0.25,4340,6594,5
948,339789,120,1.25,2719,3744,0
949,339789,120,1.25,2788,3699,1
950,339789,120,1.25,2575,3731,2
951,339789,120,1.25,2659,3906,3
952,339789,120,1.25,2653,3806,4
953,339789,120,1.25,2613,3759,5
954,339789,120,6.25,1461,1846,0
955,339789,120,6.25,1311,1818,1
956,339789,120,6.25,1431,1787,2
957,339789,120,6.25,1327,1820,3
958,339789,120,6.25,1383,1755,4
959,339789,120,6.25,1369,1766,5
960,339789,180,0.01,4920,9134,0
961,339789,180,0.01,4875,9210,1
962,339789,180,0.01,4816,9258,2
963,339789,180,0.01,4940,9337,3
964,339789,180,0.01,4942,9194,4
965,339789,180,0.01,4829,9054,5
966,339789,180,0.05,4646,8566,0
967,339789,180,0.05,4652,8868,1
968,339789,180,0.05,4688,8728,2
969,339789,180,0.05,4669,8826,3
970,339789,180,0.05,4695,8764,4
971,339789,180,0.05,4633,8664,5
972,339789,180,0.25,3921,7017,0
973,339789,180,0.25,3841,7088,1
974,339789,180,0.25,3846,6999,2
975,339789,180,0.25,3790,7009,3
976,339789,180,0.25,3803,7024,4
977,339789,180,0.25,3831,6882,5
978,339789,180,1.25,2469,4135,0
979,339789,180,1.25,2390,4122,1
980,339789,180,1.25,2441,4171,2
981,339789,180,1.25,2455,4118,3
982,339789,180,1.25,2518,4144,4
983,339789,180,1.25,2414,4142,5
984,339789,180,6.25,1301,2082,0
985,339789,180,6.25,1322,2072,1
986,339789,180,6.25,1269,2052,2
987,339789,180,6.25,1315,2128,3
988,339789,180,6.25,1241,1994,4
989,339789,180,6.25,1290,2078,5
990,339789,240,0.01,4502,9110,0
991,339789,240,0.01,4527,9236,1
992,339789,240,0.01,4479,8963,2
993,339789,240,0.01,4611,8961,3
994,339789,240,0.01,4472,9000,4
995,339789,240,0.01,4585,9118,5
996,339789,240,0.05,4230,8538,0
997,339789,240,0.05,4225,8588,1
998,339789,240,0.05,4410,8750,2
999,339789,240,0.05,4234,8680,3
1000,339789,240,0.05,4353,8726,4
1001,339789,240,0.05,4286,8642,5
1002,339789,240,0.25,3536,6978,0
1003,339789,240,0.25,3624,6852,1
1004,339789,240,0.25,3531,6994,2
1005,339789,240,0.25,3507,7076,3
1006,339789,240,0.25,3633,7034,4
1007,339789,240,0.25,3705,7125,5
1008,339789,240,1.25,2147,4159,0
1009,339789,240,1.25,2244,4302,1
1010,339789,240,1.25,2269,4309,2
1011,339789,240,1.25,2272,4211,3
1012,339789,240,1.25,2268,4314,4
1013,339789,240,1.25,2224,4231,5
1014,339789,240,6.25,1171,2137,0
1015,339789,240,6.25,1258,2179,1
1016,339789,240,6.25,1187,2159,2
1017,339789,240,6.25,1207,2234,3
1018,339789,240,6.25,1154,2149,4
1019,339789,240,6.25,1124,2195,5
1020,339789,300,0.01,4118,8744,0
1021,339789,300,0.01,4292,8825,1
1022,339789,300,0.01,4155,8662,2
1023,339789,300,0.01,4204,8812,3
1024,339789,300,0.01,4098,8729,4
1025,339789,300,0.01,4020,8657,5
1026,339789,300,0.05,3880,8310,0
1027,339789,300,0.05,3957,8334,1
1028,339789,300,0.05,3898,8276,2
1029,339789,300,0.05,3891,8217,3
1030,339789,300,0.05,4043,8359,4
1031,339789,300,0.05,3992,8299,5
1032,339789,300,0.25,3302,6832,0
1033,339789,300,0.25,3374,6733,1
1034,339789,300,0.25,3254,6765,2
1035,339789,300,0.25,3320,6796,3
1036,339789,300,0.25,3233,6780,4
1037,339789,300,0.25,3202,6933,5
1038,339789,300,1.25,2105,4331,0
1039,339789,300,1.25,2092,4223,1
1040,339789,300,1.25,2091,4251,2
1041,339789,300,1.25,2098,4227,3
1042,339789,300,1.25,2037,4201,4
1043,339789,300,1.25,2093,4112,5
1044,339789,300,6.25,1105,2075,0
1045,339789,300,6.25,1067,2172,1
1046,339789,300,6.25,1082,2254,2
1047,339789,300,6.25,1113,2127,3
1048,339789,300,6.25,1061,2112,4
1049,339789,300,6.25,1028,2157,5
1050,339789,360,0.01,3888,8257,0
1051,339789,360,0.01,3833,8186,1
1052,339789,360,0.01,4025,8400,2
1053,339789,360,0.01,3919,8260,3
1054,339789,360,0.01,3754,8089,4
1055,339789,360,0.01,3856,8272,5
1056,339789,360,0.05,3808,7969,0
1057,339789,360,0.05,3746,7907,1
1058,339789,360,0.05,3654,7878,2
1059,339789,360,0.05,3637,7866,3
1060,339789,360,0.05,3767,7839,4
1061,339789,360,0.05,3665,7915,5
1062,339789,360,0.25,3190,6361,0
1063,339789,360,0.25,3103,6517,1
1064,339789,360,0.25,3098,6481,2
1065,339789,360,0.25,3140,6471,3
1066,339789,360,0.25,2986,6429,4
1067,339789,360,0.25,3056,6588,5
1068,339789,360,1.25,1939,4024,0
1069,339789,360,1.25,1934,4023,1
1070,339789,360,1.25,1927,3922,2
1071,339789,360,1.25,1992,4077,3
1072,339789,360,1.25,1943,4128,4
1073,339789,360,1.25,1999,4119,5
1074,339789,360,6.25,1033,2134,0
1075,339789,360,6.25,979,2117,1
1076,339789,360,6.25,1009,2175,2
1077,339789,360,6.25,1026,2168,3
1078,339789,360,6.25,1013,2043,4
1079,339789,360,6.25,1003,2164,5
1080,339789,420,0.01,3625,7792,0
1081,339789,420,0.01,3693,7886,1
1082,339789,420,0.01,3837,7988,2
1083,339789,420,0.01,3605,7870,3
1084,339789,420,0.01,3749,7866,4
1085,339789,420,0.01,3720,7841,5
1086,339789,420,0.05,3443,7752,0
1087,339789,420,0.05,3366,7516,1
1088,339789,420,0.05,3459,7301,2
1089,339789,420,0.05,3472,7579,3
1090,339789,420,0.05,3458,7451,4
1091,339789,420,0.05,3399,7660,5
1092,339789,420,0.25,2832,6221,0
1093,339789,420,0.25,2840,6281,1
1094,339789,420,0.25,2925,6233,2
1095,339789,420,0.25,2921,6203,3
1096,339789,420,0.25,2904,6139,4
1097,339789,420,0.25,2797,6152,5
1098,339789,420,1.25,1799,3913,0
1099,339789,420,1.25,1868,3772,1
1100,339789,420,1.25,1811,3894,2
1101,339789,420,1.25,1843,3761,3
1102,339789,420,1.25,1854,3861,4
1103,339789,420,1.25,1881,3907,5
1104,339789,420,6.25,965,1998,0
1105,339789,420,6.25,975,1984,1
1106,339789,420,6.25,922,2060,2
1107,339789,420,6.25,917,1994,3
1108,339789,420,6.25,972,1977,4
1109,339789,420,6.25,960,2065,5
1110,339789,480,0.01,3431,7494,0
1111,339789,480,0.01,3362,7406,1
1112,339789,480,0.01,3470,7512,2
1113,339789,480,0.01,3443,7559,3
1114,339789,480,0.01,3403,7318,4
1115,339789,480,0.01,3422,7459,5
1116,339789,480,0.05,3239,7169,0
1117,339789,480,0.05,3324,7130,1
1118,339789,480,0.05,3226,7187,2
1119,339789,480,0.05,3192,7028,3
1120,339789,480,0.05,3368,7154,4
1121,339789,480,0.05,3267,7291,5
1122,339789,480,0.25,2724,5938,0
1123,339789,480,0.25,2657,5833,1
1124,339789,480,0.25,2771,5840,2
1125,339789,480,0.25,2599,5932,3
1126,339789,480,0.25,2680,5947,4
1127,339789,480,0.25,2705,5975,5
1128,339789,480,1.25,1639,3685,0
1129,339789,480,1.25,1765,3667,1
1130,339789,480,1.25,1726,3786,2
1131,339789,480,1.25,1652,3769,3
1132,339789,480,1.25,1649,3759,4
1133,339789,480,1.25,1675,3616,5
1134,339789,480,6.25,891,1893,0
1135,339789,480,6.25,868,1961,1
1136,339789,480,6.25,879,1960,2
1137,339789,480,6.25,912,1898,3
1138,339789,480,6.25,866,1922,4
1139,339789,480,6.25,874,1986,5
1140,339789,540,0.01,3259,7078,0
1141,339789,540,0.01,3280,7085,1
1142,339789,540,0.01,3241,6945,2
1143,339789,540,0.01,3197,7140,3
1144,339789,540,0.01,3162,7047,4
1145,339789,540,0.01,3199,6942,5
1146,339789,540,0.05,3057,6682,0
1147,339789,540,0.05,3130,6683,1
1148,339789,540,0.05,3004,6674,2
1149,339789,540,0.05,3020,6795,3
1150,339789,540,0.05,3075,6701,4
1151,339789,540,0.05,3129,6796,5
1152,339789,540,0.25,2554,5600,0
1153,339789,540,0.25,2565,5652,1
1154,339789,540,0.25,2548,5563,2
1155,339789,540,0.25,2587,5534,3
1156,339789,540,0.25,2484,5584,4
1157,339789,540,0.25,2424,5618,5
1158,339789,540,1.25,1589,3518,0
1159,339789,540,1.25,1603,3613,1
1160,339789,540,1.25,1530,3612,2
1161,339789,540,1.25,1600,3581,3
1162,339789,540,1.25,1583,3516,4
1163,339789,540,1.25,1616,3480,5
1164,339789,540,6.25,870,1821,0
1165,339789,540,6.25,841,1903,1
1166,339789,540,6.25,821,1884,2
1167,339789,540,6.25,849,1811,3
1168,339789,540,6.25,803,1855,4
1169,339789,540,6.25,875,1811,5
1170,339789,600,0.01,2988,6648,0
1171,339789,600,0.01,3016,6666,1
1172,339789,600,0.01,2979,6570,2
1173,339789,600,0.01,3138,6540,3
1174,339789,600,0.01,3113,6603,4
1175,339789,600,0.01,3038,6699,5
1176,339789,600,0.05,2831,6245,0
1177,339789,600,0.05,2926,6233,1
1178,339789,600,0.05,2875,6306,2
1179,339789,600,0.05,2832,6255,3
1180,339789,600,0.05,2867,6369,4
1181,339789,600,0.05,2971,6331,5
1182,339789,600,0.25,2426,5451,0
1183,339789,600,0.25,2335,5208,1
1184,339789,600,0.25,2379,5304,2
1185,339789,600,0.25,2363,5266,3
1186,339789,600,0.25,2382,5276,4
1187,339789,600,0.25,2427,5296,5
1188,339789,600,1.25,1571,3217,0
1189,339789,600,1.25,1526,3311,1
1190,339789,600,1.25,1479,3409,2
1191,339789,600,1.25,1482,3288,3
1192,339789,600,1.25,1534,3274,4
1193,339789,600,1.25,1555,3346,5
1194,339789,600,6.25,875,1696,0
1195,339789,600,6.25,782,1774,1
1196,339789,600,6.25,767,1745,2
1197,339789,600,6.25,746,1656,3
1198,339789,600,6.25,744,1759,4
1199,339789,600,6.25,770,1807,5
1200,339789,660,0.01,2846,6086,0
1201,339789,660,0.01,2886,6285,1
1202,339789,660,0.01,2825,6132,2
1203,339789,660,0.01,2871,6306,3
1204,339789,660,0.01,2793,6175,4
1205,339789,660,0.01,2817,6299,5
1206,339789,660,0.05,2621,5948,0
1207,339789,660,0.05,2740,5901,1
1208,339789,660,0.05,2679,5896,2
1209,339789,660,0.05,2680,6027,3
1210,339789,660,0.05,2756,5915,4
1211,339789,660,0.05,2652,5992,5
1212,339789,660,0.25,2234,4987,0
1213,339789,660,0.25,2214,5007,1
1214,339789,660,0.25,2203,5007,2
1215,339789,660,0.25,2236,5094,3
1216,339789,660,0.25,2236,4898,4
1217,339789,660,0.25,2211,4887,5
1218,339789,660,1.25,1449,3168,0
1219,339789,660,1.25,1438,3090,1
1220,339789,660,1.25,1428,3125,2
1221,339789,660,1.25,1381,3115,3
1222,339789,660,1.25,1427,3198,4
1223,339789,660,1.25,1454,3107,5
1224,339789,660,6.25,765,1667,0
1225,339789,660,6.25,710,1657,1
1226,339789,660,6.25,719,1545,2
1227,339789,660,6.25,748,1692,3
1228,339789,660,6.25,762,1590,4
1229,339789,660,6.25,716,1679,5
1230,339789,720,0.01,2689,5892,0
1231,339789,720,0.01,2634,5989,1
1232,339789,720,0.01,2695,5968,2
1233,339789,720,0.01,2676,6013,3
1234,339789,720,0.01,2736,6014,4
1235,339789,720,0.01,2569,5872,5
1236,339789,720,0.05,2525,5803,0
1237,339789,720,0.05,2577,5587,1
1238,339789,720,0.05,2666,5538,2
1239,339789,720,0.05,2666,5696,3
1240,339789,720,0.05,2468,5611,4
1241,339789,720,0.05,2538,5610,5
1242,339789,720,0.25,2186,4743,0
1243,339789,720,0.25,2060,4680,1
1244,339789,720,0.25,2146,4587,2
1245,339789,720,0.25,2073,4653,3
1246,339789,720,0.25,2084,4659,4
1247,339789,720,0.25,2158,4620,5
1248,339789,720,1.25,1276,2890,0
1249,339789,720,1.25,1338,2961,1
1250,339789,720,1.25,1354,2935,2
1251,339789,720,1.25,1305,2954,3
1252,339789,720,1.25,1392,2821,4
1253,339789,720,1.25,1285,2974,5
1254,339789,720,6.25,667,1609,0
1255,339789,720,6.25,677,1546,1
1256,339789,720,6.25,682,1506,2
1257,339789,720,6.25,667,1532,3
1258,339789,720,6.25,672,1533,4
1259,339789,720,6.25,685,1546,5
1260,339789,780,0.01,2478,5584,0
1261,339789,780,0.01,2532,5543,1
1262,339789,780,0.01,2510,5426,2
1263,339789,780,0.01,2493,5361,3
1264,339789,780,0.01,2419,5391,4
1265,339789,780,0.01,2554,5560,5
1266,339789,780,0.05,2424,5335,0
1267,339789,780,0.05,2314,5454,1
1268,339789,780,0.05,2437,5250,2
1269,339789,780,0.05,2362,5313,3
1270,339789,780,0.05,2324,5324,4
1271,339789,780,0.05,2359,5385,5
1272,339789,780,0.25,2082,4471,0
1273,339789,780,0.25,1975,4232,1
1274,339789,780,0.25,2000,4388,2
1275,339789,780,0.25,2024,4355,3
1276,339789,780,0.25,2011,4388,4
1277,339789,780,0.25,1908,4515,5
1278,339789,780,1.25,1258,2755,0
1279,339789,780,1.25,1300,2646,1
1280,339789,780,1.25,1186,2756,2
1281,339789,780,1.25,1245,2802,3
1282,339789,780,1.25,1230,2815,4
1283,339789,780,1.25,1280,2840,5
1284,339789,780,6.25,628,1420,0
1285,339789,780,6.25,642,1396,1
1286,339789,780,6.25,659,1472,2
1287,339789,780,6.25,639,1431,3
1288,339789,780,6.25,701,1428,4
1289,339789,780,6.25,683,1493,5
1290,339789,840,0.01,2325,5254,0
1291,339789,840,0.01,2370,5110,1
1292,339789,840,0.01,2321,5210,2
1293,339789,840,0.01,2288,5132,3
1294,339789,840,0.01,2275,5237,4
1295,339789,840,0.01,2343,5302,5
1296,339789,840,0.05,2331,5074,0
1297,339789,840,0.05,2251,5143,1
1298,339789,840,0.05,2236,5046,2
1299,339789,840,0.05,2336,4931,3
1300,339789,840,0.05,2198,4976,4
1301,339789,840,0.05,2290,4966,5
1302,339789,840,0.25,1901,4062,0
1303,339789,840,0.25,1917,4127,1
1304,339789,840,0.25,1908,4240,2
1305,339789,840,0.25,1865,4181,3
1306,339789,840,0.25,1932,4026,4
1307,339789,840,0.25,1814,4166,5
1308,339789,840,1.25,1254,2601,0
1309,339789,840,1.25,1194,2685,1
1310,339789,840,1.25,1133,2560,2
1311,339789,840,1.25,1188,2621,3
1312,339789,840,1.25,1104,2554,4
1313,339789,840,1.25,1237,2606,5
1314,339789,840,6.25,630,1393,0
1315,339789,840,6.25,662,1337,1
1316,339789,840,6.25,606,1334,2
1317,339789,840,6.25,565,1380,3
1318,339789,840,6.25,650,1312,4
1319,339789,840,6.25,612,1362,5
1320,339789,900,0.01,2242,4822,0
1321,339789,900,0.01,2201,5120,1
1322,339789,900,0.01,2260,4917,2
1323,339789,900,0.01,2196,4830,3
1324,339789,900,0.01,2320,5007,4
1325,339789,900,0.01,2254,4852,5
1326,339789,900,0.05,2157,4661,0
1327,339789,900,0.05,2071,4775,1
1328,339789,900,0.05,2134,4585,2
1329,339789,900,0.05,2078,4708,3
1330,339789,900,0.05,2138,4746,4
1331,339789,900,0.05,2102,4637,5
1332,339789,900,0.25,1837,3888,0
1333,339789,900,0.25,1772,3890,1
1334,339789,900,0.25,1823,3856,2
1335,339789,900,0.25,1743,3796,3
1336,339789,900,0.25,1748,3784,4
1337,339789,900,0.25,1837,3976,5
1338,339789,900,1.25,1162,2471,0
1339,339789,900,1.25,1203,2405,1
1340,339789,900,1.25,1079,2451,2
1341,339789,900,1.25,1121,2558,3
1342,339789,900,1.25,1161,2533,4
1343,339789,900,1.25,1091,2538,5
1344,339789,900,6.25,597,1285,0
1345,339789,900,6.25,586,1236,1
1346,339789,900,6.25,569,1295,2
1347,339789,900,6.25,620,1278,3
1348,339789,900,6.25,613,1289,4
1349,339789,900,6.25,574,1290,5
1350,2718318,60,0.01,7084,6829,0
1351,2718318,60,0.01,7024,6778,1
1352,2718318,60,0.01,6982,6834,2
1353,2718318,60,0.01,7217,6802,3
1354,2718318,60,0.01,7153,6976,4
1355,2718318,60,0.01,7074,6918,5
1356,2718318,60,0.05,6769,6083,0
1357,2718318,60,0.05,6722,6072,1
1358,2718318,60,0.05,6773,6190,2
1359,2718318,60,0.05,6876,6086,3
1360,2718318,60,0.05,6702,6170,4
1361,2718318,60,0.05,6634,6175,5
1362,2718318,60,0.25,5116,3973,0
1363,2718318,60,0.25,5131,3938,1
1364,2718318,60,0.25,5241,4042,2
1365,2718318,60,0.25,5273,3900,3
1366,2718318,60,0.25,4970,3954,4
1367,2718318,60,0.25,5061,4084,5
1368,2718318,60,1.25,2604,1275,0
1369,2718318,60,1.25,2495,1326,1
1370,2718318,60,1.25,2501,1431,2
1371,2718318,60,1.25,2535,1370,3
1372,2718318,60,1.25,2540,1361,4
1373,2718318,60,1.25,2464,1296,5
1374,2718318,60,6.25,892,364,0
1375,2718318,60,6.25,889,383,1
1376,2718318,60,6.25,923,361,2
1377,2718318,60,6.25,854,369,3
1378,2718318,60,6.25,894,345,4
1379,2718318,60,6.25,898,382,5
1380,2718318,120,0.01,6553,6680,0
1381,2718318,120,0.01,6579,6878,1
1382,2718318,120,0.01,6606,6650,2
1383,2718318,120,0.01,6491,6879,3
1384,2718318,120,0.01,6528,6738,4
1385,2718318,120,0.01,6447,6628,5
1386,2718318,120,0.05,6037,6121,0
1387,2718318,120,0.05,6192,6027,1
1388,2718318,120,0.05,6189,6098,2
1389,2718318,120,0.05,6058,6024,3
1390,2718318,120,0.05,6170,6053,4
1391,2718318,120,0.05,6145,6055,5
1392,2718318,120,0.25,4734,4086,0
1393,2718318,120,0.25,4813,4044,1
1394,2718318,120,0.25,4673,4091,2
1395,2718318,120,0.25,4803,3992,3
1396,2718318,120,0.25,4752,4062,4
1397,2718318,120,0.25,4825,3971,5
1398,2718318,120,1.25,2578,1496,0
1399,2718318,120,1.25,2489,1432,1
1400,2718318,120,1.25,2502,1405,2
1401,2718318,120,1.25,2530,1512,3
1402,2718318,120,1.25,2376,1453,4
1403,2718318,120,1.25,2568,1537,5
1404,2718318,120,6.25,1032,448,0
1405,2718318,120,6.25,1031,455,1
1406,2718318,120,6.25,1018,459,2
1407,2718318,120,6.25,1023,448,3
1408,2718318,120,6.25,1003,461,4
1409,2718318,120,6.25,1017,438,5
1410,2718318,180,0.01,5984,6743,0
1411,2718318,180,0.01,6058,6578,1
1412,2718318,180,0.01,6108,6592,2
1413,2718318,180,0.01,6087,6605,3
1414,2718318,180,0.01,5955,6515,4
1415,2718318,180,0.01,6111,6565,5
1416,2718318,180,0.05,5736,6022,0
1417,2718318,180,0.05,5493,5918,1
1418,2718318,180,0.05,5646,6010,2
1419,2718318,180,0.05,5677,5874,3
1420,2718318,180,0.05,5619,6006,4
1421,2718318,180,0.05,5537,6009,5
1422,2718318,180,0.25,4487,4023,0
1423,2718318,180,0.25,4498,3936,1
1424,2718318,180,0.25,4577,3929,2
1425,2718318,180,0.25,4561,4080,3
1426,2718318,180,0.25,4489,4102,4
1427,2718318,180,0.25,4492,3973,5
1428,2718318,180,1.25,2463,1694,0
1429,2718318,180,1.25,2517,1605,1
1430,2718318,180,1.25,2380,1627,2
1431,2718318,180,1.25,2558,1587,3
1432,2718318,180,1.25,2382,1631,4
1433,2718318,180,1.25,2465,1627,5
1434,2718318,180,6.25,1068,486,0
1435,2718318,180,6.25,1063,506,1
1436,2718318,180,6.25,1067,518,2
1437,2718318,180,6.25,1036,496,3
1438,2718318,180,6.25,1049,560,4
1439,2718318,180,6.25,1067,518,5
1440,2718318,240,0.01,5606,6479,0
1441,2718318,240,0.01,5554,6400,1
1442,2718318,240,0.01,5714,6455,2
1443,2718318,240,0.01,5697,6433,3
1444,2718318,240,0.01,5527,6354,4
1445,2718318,240,0.01,5459,6497,5
1446,2718318,240,0.05,5141,5817,0
1447,2718318,240,0.05,5298,5966,1
1448,2718318,240,0.05,5327,5903,2
1449,2718318,240,0.05,5295,5905,3
1450,2718318,240,0.05,5215,5955,4
1451,2718318,240,0.05,5360,5836,5
1452,2718318,240,0.25,4135,4036,0
1453,2718318,240,0.25,4169,4114,1
1454,2718318,240,0.25,4296,3974,2
1455,2718318,240,0.25,4181,4181,3
1456,2718318,240,0.25,4258,4149,4
1457,2718318,240,0.25,4122,4002,5
1458,2718318,240,1.25,2413,1699,0
1459,2718318,240,1.25,2321,1702,1
1460,2718318,240,1.25,2369,1730,2
1461,2718318,240,1.25,2426,1714,3
1462,2718318,240,1.25,2350,1725,4
1463,2718318,240,1.25,2348,1649,5
1464,2718318,240,6.25,1050,548,0
1465,2718318,240,6.25,1043,561,1
1466,2718318,240,6.25,1117,630,2
1467,2718318,240,6.25,1123,597,3
1468,2718318,240,6.25,1118,593,4
1469,2718318,240,6.25,1076,605,5
1470,2718318,300,0.01,5010,6298,0
1471,2718318,300,0.01,5272,6236,1
1472,2718318,300,0.01,5120,6424,2
1473,2718318,300,0.01,5094,6328,3
1474,2718318,300,0.01,5167,6276,4
1475,2718318,300,0.01,5074,6291,5
1476,2718318,300,0.05,4902,5775,0
1477,2718318,300,0.05,4856,5796,1
1478,2718318,300,0.05,4795,5665,2
1479,2718318,300,0.05,4826,5589,3
1480,2718318,300,0.05,4948,5682,4
1481,2718318,300,0.05,4932,5706,5
1482,2718318,300,0.25,3874,3959,0
1483,2718318,300,0.25,3888,4111,1
1484,2718318,300,0.25,3852,4030,2
1485,2718318,300,0.25,3957,4012,3
1486,2718318,300,0.25,3890,4006,4
1487,2718318,300,0.25,3976,4032,5
1488,2718318,300,1.25,2297,1781,0
1489,2718318,300,1.25,2321,1714,1
1490,2718318,300,1.25,2301,1761,2
1491,2718318,300,1.25,2258,1756,3
1492,2718318,300,1.25,2165,1716,4
1493,2718318,300,1.25,2315,1799,5
1494,2718318,300,6.25,1086,669,0
1495,2718318,300,6.25,1070,690,1
1496,2718318,300,6.25,1087,683,2
1497,2718318,300,6.25,1044,677,3
1498,2718318,300,6.25,1085,660,4
1499,2718318,300,6.25,1051,637,5
1500,2718318,360,0.01,4808,5907,0
1501,2718318,360,0.01,4819,5936,1
1502,2718318,360,0.01,4773,6109,2
1503,2718318,360,0.01,4816,6025,3
1504,2718318,360,0.01,4723,6118,4
1505,2718318,360,0.01,4727,6025,5
1506,2718318,360,0.05,4636,5550,0
1507,2718318,360,0.05,4630,5587,1
1508,2718318,360,0.05,4500,5651,2
1509,2718318,360,0.05,4538,5564,3
1510,2718318,360,0.05,4574,5531,4
1511,2718318,360,0.05,4562,5478,5
1512,2718318,360,0.25,3574,4020,0
1513,2718318,360,0.25,3649,3963,1
1514,2718318,360,0.25,3631,3955,2
1515,2718318,360,0.25,3692,4096,3
1516,2718318,360,0.25,3622,4041,4
1517,2718318,360,0.25,3606,4030,5
1518,2718318,360,1.25,2169,1800,0
1519,2718318,360,1.25,2132,1778,1
1520,2718318,360,1.25,2202,1830,2
1521,2718318,360,1.25,2086,1810,3
1522,2718318,360,1.25,2195,1814,4
1523,2718318,360,1.25,2208,1851,5
1524,2718318,360,6.25,1071,675,0
1525,2718318,360,6.25,997,720,1
1526,2718318,360,6.25,1053,739,2
1527,2718318,360,6.25,1035,683,3
1528,2718318,360,6.25,1077,715,4
1529,2718318,360,6.25,1062,704,5
1530,2718318,420,0.01,4567,5892,0
1531,2718318,420,0.01,4473,5820,1
1532,2718318,420,0.01,4381,5859,2
1533,2718318,420,0.01,4488,5853,3
1534,2718318,420,0.01,4539,5754,4
1535,2718318,420,0.01,4454,5769,5
1536,2718318,420,0.05,4296,5467,0
1537,2718318,420,0.05,4213,5463,1
1538,2718318,420,0.05,4322,5516,2
1539,2718318,420,0.05,4146,5356,3
1540,2718318,420,0.05,4172,5312,4
1541,2718318,420,0.05,4195,5326,5
1542,2718318,420,0.25,3438,3942,0
1543,2718318,420,0.25,3473,3916,1
1544,2718318,420,0.25,3373,3869,2
1545,2718318,420,0.25,3467,3961,3
1546,2718318,420,0.25,3484,3841,4
1547,2718318,420,0.25,3428,3968,5
1548,2718318,420,1.25,2084,1917,0
1549,2718318,420,1.25,2011,1775,1
1550,2718318,420,1.25,2080,1902,2
1551,2718318,420,1.25,2011,1760,3
1552,2718318,420,1.25,2023,1799,4
1553,2718318,420,1.25,2010,1791,5
1554,2718318,420,6.25,985,743,0
1555,2718318,420,6.25,1003,727,1
1556,2718318,420,6.25,1022,768,2
1557,2718318,420,6.25,1059,777,3
1558,2718318,420,6.25,1082,736,4
1559,2718318,420,6.25,1021,738,5
1560,2718318,480,0.01,4105,5626,0
1561,2718318,480,0.01,4125,5607,1
1562,2718318,480,0.01,4065,5511,2
1563,2718318,480,0.01,4209,5602,3
1564,2718318,480,0.01,4085,5665,4
1565,2718318,480,0.01,4126,5617,5
1566,2718318,480,0.05,4012,5341,0
1567,2718318,480,0.05,3936,5222,1
1568,2718318,480,0.05,3875,5100,2
1569,2718318,480,0.05,3905,5177,3
1570,2718318,480,0.05,4023,5285,4
1571,2718318,480,0.05,3862,5206,5
1572,2718318,480,0.25,3126,3820,0
1573,2718318,480,0.25,3174,3694,1
1574,2718318,480,0.25,3265,3896,2
1575,2718318,480,0.25,3244,3828,3
1576,2718318,480,0.25,3178,3840,4
1577,2718318,480,0.25,3206,3820,5
1578,2718318,480,1.25,1909,1800,0
1579,2718318,480,1.25,2007,1839,1
1580,2718318,480,1.25,1928,1930,2
1581,2718318,480,1.25,1921,1830,3
1582,2718318,480,1.25,1893,1837,4
1583,2718318,480,1.25,1931,1910,5
1584,2718318,480,6.25,974,782,0
1585,2718318,480,6.25,946,783,1
1586,2718318,480,6.25,919,842,2
1587,2718318,480,6.25,971,755,3
1588,2718318,480,6.25,992,799,4
1589,2718318,480,6.25,908,771,5
1590,2718318,540,0.01,3760,5418,0
1591,2718318,540,0.01,3783,5412,1
1592,2718318,540,0.01,3850,5332,2
1593,2718318,540,0.01,3856,5367,3
1594,2718318,540,0.01,3697,5397,4
1595,2718318,540,0.01,3815,5296,5
1596,2718318,540,0.05,3579,5013,0
1597,2718318,540,0.05,3580,5126,1
1598,2718318,540,0.05,3570,4892,2
1599,2718318,540,0.05,3564,5029,3
1600,2718318,540,0.05,3738,4983,4
1601,2718318,540,0.05,3655,4999,5
1602,2718318,540,0.25,3108,3722,0
1603,2718318,540,0.25,2979,3683,1
1604,2718318,540,0.25,2967,3680,2
1605,2718318,540,0.25,2924,3625,3
1606,2718318,540,0.25,3040,3696,4
1607,2718318,540,0.25,2960,3653,5
1608,2718318,540,1.25,1701,1810,0
1609,2718318,540,1.25,1761,1858,1
1610,2718318,540,1.25,1909,1816,2
1611,2718318,540,1.25,1845,1877,3
1612,2718318,540,1.25,1778,1899,4
1613,2718318,540,1.25,1902,1873,5
1614,2718318,540,6.25,937,813,0
1615,2718318,540,6.25,888,851,1
1616,2718318,540,6.25,935,792,2
1617,2718318,540,6.25,879,879,3
1618,2718318,540,6.25,956,780,4
1619,2718318,540,6.25,941,762,5
1620,2718318,600,0.01,3746,5250,0
1621,2718318,600,0.01,3589,5268,1
1622,2718318,600,0.01,3574,5109,2
1623,2718318,600,0.01,3424,5217,3
1624,2718318,600,0.01,3575,5287,4
1625,2718318,600,0.01,3516,5238,5
1626,2718318,600,0.05,3353,4907,0
1627,2718318,600,0.05,3409,4736,1
1628,2718318,600,0.05,3307,4886,2
1629,2718318,600,0.05,3246,4799,3
1630,2718318,600,0.05,3445,4890,4
1631,2718318,600,0.05,3427,4830,5
1632,2718318,600,0.25,2711,3571,0
1633,2718318,600,0.25,2761,3532,1
1634,2718318,600,0.25,2780,3498,2
1635,2718318,600,0.25,2902,3594,3
1636,2718318,600,0.25,2766,3580,4
1637,2718318,600,0.25,2795,3527,5
1638,2718318,600,1.25,1680,1772,0
1639,2718318,600,1.25,1691,1844,1
1640,2718318,600,1.25,1808,1779,2
1641,2718318,600,1.25,1800,1773,3
1642,2718318,600,1.25,1734,1892,4
1643,2718318,600,1.25,1772,1744,5
1644,2718318,600,6.25,864,849,0
1645,2718318,600,6.25,877,806,1
1646,2718318,600,6.25,842,793,2
1647,2718318,600,6.25,809,803,3
1648,2718318,600,6.25,847,817,4
1649,2718318,600,6.25,857,812,5
1650,2718318,660,0.01,3302,4976,0
1651,2718318,660,0.01,3341,5016,1
1652,2718318,660,0.01,3405,4905,2
1653,2718318,660,0.01,3336,4859,3
1654,2718318,660,0.01,3339,5071,4
1655,2718318,660,0.01,3289,5040,5
1656,2718318,660,0.05,3127,4626,0
1657,2718318,660,0.05,3215,4808,1
1658,2718318,660,0.05,3194,4513,2
1659,2718318,660,0.05,3129,4555,3
1660,2718318,660,0.05,3240,4654,4
1661,2718318,660,0.05,3234,4727,5
1662,2718318,660,0.25,2631,3517,0
1663,2718318,660,0.25,2632,3535,1
1664,2718318,660,0.25,2544,3553,2
1665,2718318,660,0.25,2679,3366,3
1666,2718318,660,0.25,2676,3513,4
1667,2718318,660,0.25,2584,3486,5
1668,2718318,660,1.25,1585,1882,0
1669,2718318,660,1.25,1650,1852,1
1670,2718318,660,1.25,1634,1819,2
1671,2718318,660,1.25,1665,1798,3
1672,2718318,660,1.25,1551,1836,4
1673,2718318,660,1.25,1568,1759,5
1674,2718318,660,6.25,809,838,0
1675,2718318,660,6.25,803,816,1
1676,2718318,660,6.25,884,840,2
1677,2718318,660,6.25,847,817,3
1678,2718318,660,6.25,868,837,4
1679,2718318,660,6.25,847,825,5
1680,2718318,720,0.01,3097,4766,0
1681,2718318,720,0.01,3076,4803,1
1682,2718318,720,0.01,3085,4864,2
1683,2718318,720,0.01,3054,4720,3
1684,2718318,720,0.01,3100,4760,4
1685,2718318,720,0.01,3090,4922,5
1686,2718318,720,0.05,3057,4481,0
1687,2718318,720,0.05,2893,4471,1
1688,2718318,720,0.05,2948,4433,2
1689,2718318,720,0.05,2972,4491,3
1690,2718318,720,0.05,2926,4476,4
1691,2718318,720,0.05,2930,4390,5
1692,2718318,720,0.25,2437,3317,0
1693,2718318,720,0.25,2435,3428,1
1694,2718318,720,0.25,2513,3381,2
1695,2718318,720,0.25,2387,3399,3
1696,2718318,720,0.25,2379,3366,4
1697,2718318,720,0.25,2383,3584,5
1698,2718318,720,1.25,1517,1824,0
1699,2718318,720,1.25,1527,1790,1
1700,2718318,720,1.25,1475,1850,2
1701,2718318,720,1.25,1505,1806,3
1702,2718318,720,1.25,1549,1821,4
1703,2718318,720,1.25,1487,1784,5
1704,2718318,720,6.25,794,815,0
1705,2718318,720,6.25,784,824,1
1706,2718318,720,6.25,753,790,2
1707,2718318,720,6.25,802,839,3
1708,2718318,720,6.25,797,770,4
1709,2718318,720,6.25,761,796,5
1710,2718318,780,0.01,2905,4463,0
1711,2718318,780,0.01,2821,4481,1
1712,2718318,780,0.01,2907,4542,2
1713,2718318,780,0.01,2947,4476,3
1714,2718318,780,0.01,2896,4463,4
1715,2718318,780,0.01,2943,4527,5
1716,2718318,780,0.05,2841,4224,0
1717,2718318,780,0.05,2737,4262,1
1718,2718318,780,0.05,2798,4375,2
1719,2718318,780,0.05,2738,4447,3
1720,2718318,780,0.05,2708,4296,4
1721,2718318,780,0.05,2825,4253,5
1722,2718318,780,0.25,2282,3197,0
1723,2718318,780,0.25,2256,3178,1
1724,2718318,780,0.25,2294,3270,2
1725,2718318,780,0.25,2266,3270,3
1726,2718318,780,0.25,2238,3287,4
1727,2718318,780,0.25,2138,3245,5
1728,2718318,780,1.25,1394,1682,0
1729,2718318,780,1.25,1430,1685,1
1730,2718318,780,1.25,1398,1700,2
1731,2718318,780,1.25,1468,1781,3
1732,2718318,780,1.25,1408,1681,4
1733,2718318,780,1.25,1440,1743,5
1734,2718318,780,6.25,707,794,0
1735,2718318,780,6.25,777,761,1
1736,2718318,780,6.25,723,779,2
1737,2718318,780,6.25,774,859,3
1738,2718318,780,6.25,697,793,4
1739,2718318,780,6.25,682,856,5
1740,2718318,840,0.01,2733,4436,0
1741,2718318,840,0.01,2751,4214,1
1742,2718318,840,0.01,2648,4376,2
1743,2718318,840,0.01,2768,4299,3
1744,2718318,840,0.01,2789,4364,4
1745,2718318,840,0.01,2719,4389,5
1746,2718318,840,0.05,2604,4164,0
1747,2718318,840,0.05,2544,4043,1
1748,2718318,840,0.05,2578,4137,2
1749,2718318,840,0.05,2581,4055,3
1750,2718318,840,0.05,2599,4037,4
1751,2718318,840,0.05,2597,4023,5
1752,2718318,840,0.25,2089,3147,0
1753,2718318,840,0.25,2108,3186,1
1754,2718318,840,0.25,2106,3207,2
1755,2718318,840,0.25,2152,3163,3
1756,2718318,840,0.25,2130,3111,4
1757,2718318,840,0.25,2069,3243,5
1758,2718318,840,1.25,1337,1679,0
1759,2718318,840,1.25,1363,1724,1
1760,2718318,840,1.25,1349,1727,2
1761,2718318,840,1.25,1310,1750,3
1762,2718318,840,1.25,1339,1747,4
1763,2718318,840,1.25,1263,1666,5
1764,2718318,840,6.25,668,777,0
1765,2718318,840,6.25,682,771,1
1766,2718318,840,6.25,644,834,2
1767,2718318,840,6.25,688,765,3
1768,2718318,840,6.25,707,832,4
1769,2718318,840,6.25,665,812,5
1770,2718318,900,0.01,2477,4205,0
1771,2718318,900,0.01,2577,4091,1
1772,2718318,900,0.01,2474,4117,2
1773,2718318,900,0.01,2506,4286,3
1774,2718318,900,0.01,2473,4160,4
1775,2718318,900,0.01,2535,4192,5
1776,2718318,900,0.05,2369,3774,0
1777,2718318,900,0.05,2414,3947,1
1778,2718318,900,0.05,2410,3911,2
1779,2718318,900,0.05,2336,3979,3
1780,2718318,900,0.05,2356,3948,4
1781,2718318,900,0.05,2447,3886,5
1782,2718318,900,0.25,2032,3067,0
1783,2718318,900,0.25,1987,3046,1
1784,2718318,900,0.25,1951,2990,2
1785,2718318,900,0.25,1968,3019,3
1786,2718318,900,0.25,1952,3086,4
1787,2718318,900,0.25,1939,3006,5
1788,2718318,900,1.25,1307,1677,0
1789,2718318,900,1.25,1195,1716,1
1790,2718318,900,1.25,1206,1632,2
1791,2718318,900,1.25,1303,1629,3
1792,2718318,900,1.25,1294,1757,4
1793,2718318,900,1.25,1251,1588,5
1794,2718318,900,6.25,620,794,0
1795,2718318,900,6.25,679,785,1
1796,2718318,900,6.25,635,782,2
1797,2718318,900,6.25,637,794,3
1798,2718318,900,6.25,648,754,4
1799,2718318,900,6.25,640,836,5
