,time_ns,avg_x_coord,avg_y_coord,avg_z_coord,diff_time_ns
0,0,0.0,0.0,1.0,21746
1,200,0.07661997467366817,0.07666981688847715,0.9907525988250554,21746
2,400,0.10835155199980649,0.10729218482784283,0.9814714348759226,21746
3,600,0.1315996266021627,0.12940237848767,0.9727250194434005,21746
4,800,0.15026495084813518,0.14900387299744217,0.9638870619821902,21746
5,1000,0.1672666431293296,0.1653321813558012,0.9551719786391741,21746
6,1200,0.181657095080303,0.17979982979051773,0.9468330359358331,21746
7,1400,0.19478909534625288,0.1933992062527385,0.9382615839629425,21746
8,1600,0.20663555261459368,0.20554283013060612,0.9299638643439881,21746
9,1800,0.21741191909130544,0.21812819406052045,0.9216103116420756,21746
10,2000,0.22774281398798898,0.2272151575812954,0.914055561960417,21746
11,2200,0.23793208774566915,0.23803807597475962,0.9051893959609019,21746
12,2400,0.247040100412018,0.24764768844137608,0.8965050110689688,21746
13,2600,0.2581854229212535,0.2575873134436663,0.8872055328545181,21746
14,2800,0.2666354039901971,0.266058426301921,0.8794028210853805,21746
15,3000,0.2749392444895328,0.27380885348404277,0.8710334777287344,21746
16,3200,0.28329461165690284,0.28181418685276777,0.8624825664744626,21746
17,3400,0.2911502461880473,0.288455781266009,0.8546687372710374,21746
18,3600,0.2977513320931603,0.2955196346859674,0.8471718283824307,21746
19,3800,0.3040749253161459,0.3012572476252813,0.8396111171977664,21746
20,4000,0.31082271925753896,0.30638465027338707,0.8319071403629951,21746
21,4200,0.3171312676411878,0.312881267645715,0.82405745008239,21746
22,4400,0.3240564650253851,0.317286287902825,0.8165732105472483,21746
23,4600,0.3287071729343653,0.32309175283240527,0.810039910757061,21746
24,4800,0.33504562969032126,0.32904826108418916,0.8024312575602873,21746
25,5000,0.3392961431483592,0.33465053176572473,0.7955430003348777,21746
26,5200,0.344044127738913,0.3398796954560177,0.7879452158406385,21746
27,5400,0.34807341257728075,0.3450091552524593,0.7819485416530826,21746
28,5600,0.35037662813069764,0.35157316403512684,0.7758721827817966,21746
29,5800,0.3543254486684254,0.35694115639226254,0.7685617935901143,21746
30,6000,0.35899494714169566,0.3611053806520457,0.7610288522740611,21746
31,6200,0.3619115108018359,0.3660253868970743,0.7541858520147371,21746
32,6400,0.3659641332275409,0.3696228321420652,0.7480268383708066,21746
33,6600,0.3696145710257888,0.3741393214185985,0.741380450365174,21746
34,6800,0.374108027787919,0.3774900436530527,0.7343869459037976,21746
35,7000,0.3784305836536941,0.3805724229472846,0.7287374780179444,21746
36,7200,0.3812358182483975,0.3849293445144904,0.7234956066211226,21746
37,7400,0.3855811399602111,0.38783777755135,0.7173168620562016,21746
38,7600,0.3901402249797042,0.3912368408393834,0.7112617221870734,21746
39,7800,0.39303199844901576,0.39416760590572836,0.7051652438094208,21746
40,8000,0.39646759716535024,0.3983350797040845,0.6989347262756168,21746
41,8200,0.4005635851897228,0.4012190311856575,0.6936120795415971,21746
42,8400,0.4030338403097533,0.4059731113388445,0.6874520669634461,21746
43,8600,0.4057628079035764,0.4074405031133215,0.6822073301491484,21746
44,8800,0.4073723431284984,0.4092366015484133,0.678658414265144,21746
45,9000,0.4095924031115671,0.4126243397605227,0.6743673009217569,21746
46,9200,0.4112296587131394,0.41550092903880287,0.6702256447012734,21746
47,9400,0.41266488261202405,0.4174475892834469,0.6664988732424155,21746
48,9600,0.4143888970469026,0.41890698051029573,0.6627409984854163,21746
49,9800,0.41630484349685887,0.42150299215523745,0.659730306134264,21746
50,10000,0.417599845930212,0.4233038419266522,0.6554735333404568,21746
51,10200,0.41996795596959957,0.42461904114095206,0.6513654545493461,21746
52,10400,0.42276042696264976,0.4268350650434979,0.6473474323588547,21746
53,10600,0.42392477211010227,0.42847201104933486,0.6447333916727823,21746
54,10800,0.4254815926886092,0.43030438729468906,0.6402532309090843,21746
55,11000,0.4269141936547802,0.4318635111192641,0.637189626409967,21746
56,11200,0.42882116239870066,0.43343857007783154,0.6336502093210389,21746
57,11400,0.4291060019243092,0.4370409152440519,0.6296677620185563,21746
58,11600,0.42983270407511937,0.4396390899588861,0.6271857202889762,21746
59,11800,0.431564956525826,0.4412305909596983,0.6243165179269294,21746
60,12000,0.43419871130544435,0.44218677976417947,0.6216083951943595,21746
61,12200,0.43535315752556425,0.4437819942527814,0.6192366154107577,21746
62,12400,0.4382064868899789,0.4440968331878099,0.6163462253851819,21746
63,12600,0.4390563569809446,0.44460095266295674,0.6137752926987774,21746
64,12800,0.43984722668213544,0.4466356733042845,0.6104341411976786,21746
65,13000,0.44206620783500383,0.44616909424931744,0.6071143099524967,21746
66,13200,0.44412323830343164,0.44773677885121643,0.6032578270583581,21746
67,13400,0.44613392225135184,0.44860167075394086,0.6009693104127575,21746
68,13600,0.44783463175726745,0.45065793268440596,0.5979156078001638,21746
69,13800,0.44974999545421185,0.4519230347501619,0.5945958874855187,21746
70,14000,0.4513325318575019,0.4546482826926392,0.5916844212188654,21746
71,14200,0.45277089875737775,0.45663971894314564,0.5893692000954823,21746
72,14400,0.4546468939036103,0.4583277508283546,0.5866567397885921,21746
73,14600,0.4560062137182607,0.45830113625623237,0.5847923906565347,21746
74,14800,0.4575358782476257,0.4596911759760611,0.5828812352372285,21746
75,15000,0.4600636254688806,0.461063260279662,0.5795898318890854,21746
76,15200,0.4602619892365954,0.4628987305020646,0.5765357595351656,21746
77,15400,0.46178188641782053,0.46384970181345525,0.5732443700790305,21746
78,15600,0.4611574431067181,0.46490055159199456,0.5732243824792721,21746
79,15800,0.4617731214522466,0.4666691465949134,0.570883047270739,21746
80,16000,0.46315092704245125,0.4682298130421969,0.5681769889171947,21746
81,16200,0.4635497558140817,0.4683939645056976,0.56789833882182,21746
82,16400,0.46385639118988603,0.4701253257484348,0.5661490997936329,21746
83,16600,0.4646994616585539,0.4709150715006571,0.5649965255315063,21746
84,16800,0.46553064417320794,0.47223556433437935,0.5627311958988048,21746
85,17000,0.4680785593908492,0.4740966565465178,0.559667788694977,21746
86,17200,0.4687184224933734,0.4740295452248397,0.5584509510434609,21746
87,17400,0.46909280911766854,0.4735951122350195,0.5570645277297064,21746
88,17600,0.4687907985070238,0.4738749500962569,0.5557288030738787,21746
89,17800,0.4702386632100914,0.47552677289861583,0.553565294635131,21746
90,18000,0.47181389184813,0.4764878470544587,0.5516102337675493,21746
91,18200,0.47447419538398117,0.4766157432729975,0.54839887249391,21746
92,18400,0.4760156071483121,0.4779736282055593,0.5469953522745971,21746
93,18600,0.4763006939123599,0.4782332936541563,0.54642336554228,21746
94,18800,0.47737828031125235,0.4777846117928985,0.5464122613297302,21746
95,19000,0.4777402284435551,0.47855633159286615,0.5463994732983342,21746
96,19200,0.48031885983502215,0.47965071123793224,0.5434388025914727,21746
97,19400,0.48072270717126186,0.4806678366155036,0.5419537106621803,21746
98,19600,0.4818554144587324,0.48087649511360725,0.5403146784875423,21746
99,19800,0.4823019773604286,0.4807059979709347,0.5391157396772381,21746
100,20000,0.48077710654632866,0.48141714321802936,0.5391542869938462,21746
101,20200,0.4812590721196284,0.48139047730735646,0.5382158561241679,21746
102,20400,0.481480214433805,0.4812109082486319,0.537439893446206,21746
103,20600,0.4808276138076949,0.48272372547634984,0.536717596113031,21746
104,20800,0.480279214368806,0.4839853163427079,0.5362386402820716,21746
105,21000,0.4818597156592421,0.48466874378366176,0.534697592373857,21746
106,21200,0.4819335348925131,0.4843938999299037,0.5346430680733624,21746
107,21400,0.48271202648842854,0.48553250336494247,0.5329045499482273,21746
108,21600,0.4822788156030138,0.4858530247562476,0.5322007074282316,21746
109,21800,0.48390966358994064,0.48547856722311516,0.5310165037360596,21746
110,22000,0.4841952262550346,0.4862553348170537,0.5306942505963264,21746
111,22200,0.4829558930476307,0.4865594065469408,0.5306193655961949,21746
112,22400,0.4843580299428423,0.4857350559718075,0.5304286499333724,21746
113,22600,0.48340903276909375,0.4866975207046009,0.529260624209558,21746
114,22800,0.48404620340400734,0.48611051952855233,0.5291704186565146,21746
115,23000,0.4847471357832576,0.4861276534664108,0.5271416837558609,21746
116,23200,0.4851324382372527,0.48684340125235515,0.525686664809531,21746
117,23400,0.4854202743000015,0.48759301296003116,0.5258147682665263,21746
118,23600,0.4856130383897544,0.4876111520019832,0.5260840612645624,21746
119,23800,0.48666490532402995,0.4885771879912361,0.5254343042218251,21746
120,24000,0.48793472710819935,0.48839216493238763,0.523584024061733,21746
121,24200,0.4871269084435202,0.48953135414444005,0.5233936948155095,21746
122,24400,0.4873151180264873,0.48985411168568205,0.522616054212496,21746
123,24600,0.4875479643093222,0.49053234281988733,0.522422001328456,21746
124,24800,0.4870940044350049,0.4916098845851857,0.5220833555141232,21746
125,25000,0.48732192004454267,0.491933182734718,0.5212185509715033,21746
126,25200,0.4888258721333419,0.49081442676858217,0.5207621605998622,21746
127,25400,0.4894656731958498,0.490753417054136,0.5204492030201722,21746
128,25600,0.48919483882184933,0.49050760292587786,0.5207542491336672,21746
129,25800,0.488196712961981,0.4897763692122001,0.5220417908842117,21746
130,26000,0.4881233028474089,0.4896278989869693,0.5222103463542385,21746
131,26200,0.489554669284864,0.4899102621004066,0.5218778334590023,21746
132,26400,0.4913320309717331,0.4903649379080974,0.5196584388864486,21746
133,26600,0.4909223278660929,0.4913681829502231,0.5192345524370158,21746
134,26800,0.49103855054441353,0.4918501843457655,0.5185606705815999,21746
135,27000,0.49264378355713834,0.4907806626234282,0.5177353751249995,21746
136,27200,0.4923591649559222,0.4909797267630196,0.5180385644619285,21746
137,27400,0.4923866776033898,0.4913309216964256,0.5173893241478148,21746
138,27600,0.49365364488068536,0.4908643668932935,0.5165231401701916,21746
139,27800,0.4932830305758047,0.4907130350600598,0.5167463345918049,21746
140,28000,0.4941915045718397,0.48820937300697376,0.5167504627389622,21746
141,28200,0.49380467058175065,0.4890942201503867,0.5156737178291012,21746
142,28400,0.4931600709880121,0.49029974891955636,0.5156614063733435,21746
143,28600,0.4933812789853428,0.49024305153408315,0.5161453965170983,21746
144,28800,0.4919956907214062,0.49157710939080723,0.5164360844002956,21746
145,29000,0.49186785529592864,0.49261720630659983,0.515895912012344,21746
146,29200,0.49170837675606716,0.4929851003833273,0.5156901326039197,21746
147,29400,0.49226112338785805,0.4922949937076623,0.5141830754308656,21746
148,29600,0.4936979403716502,0.4911181183779867,0.5140806158673882,21746
149,29800,0.493448546030286,0.49074139589492416,0.5135815458554023,21746
150,30000,0.4935243043620788,0.4920600404050598,0.5127460942668649,21746
151,30200,0.4933202074206998,0.4915619008687573,0.5128128578637419,21746
152,30400,0.4930392033503311,0.49180139765533093,0.511472581975986,21746
153,30600,0.49249045818925863,0.49223339577375674,0.5113261807585943,21746
154,30800,0.492762832202343,0.49226522874734857,0.5114180764058587,21746
155,31000,0.49228947794705763,0.4924874515142353,0.5114951282312588,21746
156,31200,0.49202848560633794,0.49256420203186324,0.5111928025647813,21746
157,31400,0.4940715946929381,0.49021505971771023,0.5117150304928937,21746
158,31600,0.4934377869890326,0.4904617126248081,0.5128297217145188,21746
159,31800,0.49350745291393466,0.4918900997197306,0.5123256920004808,21746
160,32000,0.4947248997166027,0.49282293947680794,0.5116560806451614,21746
161,32200,0.4946939993567466,0.49334632254937594,0.5108383224564318,21746
162,32400,0.4945554569761969,0.49328217737891794,0.5110362556073624,21746
163,32600,0.4937838677026295,0.49269324510362766,0.512404232373853,21746
164,32800,0.4946704634208676,0.49283072428812985,0.5112492308602556,21746
165,33000,0.49371209268626354,0.49415665443007367,0.5105940513939851,21746
166,33200,0.4933910566942853,0.4954428839357008,0.5109783358167741,21746
167,33400,0.49374650363871914,0.49668413245818754,0.5092798660190312,21746
168,33600,0.4934549062663076,0.496053121480266,0.5102318694714194,21746
169,33800,0.4932056407235632,0.4962383996648902,0.5105668577298567,21746
170,34000,0.49273787288369403,0.4955156171727889,0.5112079912115545,21746
171,34200,0.4936934585937898,0.49498915201915317,0.5103719375217793,21746
172,34400,0.4941425292285886,0.49427274303498125,0.511043643554595,21746
173,34600,0.4949336950506703,0.4940598295175448,0.510750030668812,21746
174,34800,0.4955407449385572,0.49374419878945375,0.5096951982926563,21746
175,35000,0.4968312228235431,0.49435134931270125,0.5093155497338172,21746
176,35200,0.49616503842650117,0.49438582372233203,0.50918320561574,21746
177,35400,0.49604585046298527,0.4940626276796388,0.5091714577515297,21746
178,35600,0.49610497205527854,0.49389533707032535,0.5088155064741289,21746
179,35800,0.49653215918367466,0.49323244519746456,0.5083213701573582,21746
180,36000,0.4958562353808773,0.4939063576911704,0.5088727881365602,21746
181,36200,0.49678676180533365,0.49347616091928304,0.5086114280805076,21746
182,36400,0.49599949990158265,0.4954459540897356,0.5071587012482764,21746
183,36600,0.4961671257166431,0.495131824664126,0.5072388412485519,21746
184,36800,0.49713597530564346,0.4968416767775014,0.5054958086456711,21746
185,37000,0.4978887815818958,0.4980458586915125,0.505036499449279,21746
186,37200,0.49743925766656083,0.4981122284351608,0.5045890794327829,21746
187,37400,0.4995269094368655,0.4984070941529554,0.5030983638090308,21746
188,37600,0.5003182261629155,0.49780753954865675,0.5029965231549245,21746
189,37800,0.4985964880339527,0.4996494675378487,0.503407790103503,21746
190,38000,0.49849617828278825,0.5002106992749403,0.5028520874914811,21746
191,38200,0.4983496197028023,0.49947774716282295,0.5036767822811606,21746
192,38400,0.49864709381767636,0.49845996420664834,0.5041451866724155,21746
193,38600,0.4987362800421967,0.49908514268121335,0.5029850855840207,21746
194,38800,0.49831539382367235,0.499493150651184,0.5023903019901776,21746
195,39000,0.4975849276335881,0.500323268697795,0.5030919921909279,21746
196,39200,0.4970622597974307,0.49991883068225335,0.5034622574187848,21746
197,39400,0.49743246768730176,0.4990651346963242,0.5031951018339711,21746
198,39600,0.4976403152762798,0.49880854342241876,0.5037863175684216,21746
199,39800,0.49676276031600974,0.4989903298697543,0.5032152806821288,21746
200,40000,0.4966054960274061,0.4987665040155027,0.5027390239687028,21746
201,0,0.0,0.0,1.0,73394
202,200,0.04139082035654973,0.041351093650848735,0.997290990474131,73394
203,400,0.05835608281726161,0.05866870809229889,0.9946164589292763,73394
204,600,0.0717029972771878,0.0723942768255168,0.9918766485547392,73394
205,800,0.08229278713590452,0.08289704486394461,0.9892079170683031,73394
206,1000,0.09218791341224641,0.09261773742151279,0.9864388329881185,73394
207,1200,0.10074325687177951,0.10118225356101271,0.9837736066594043,73394
208,1400,0.10967530465468717,0.10915465769649801,0.9809246707297249,73394
209,1600,0.11706467817385326,0.11643925956351711,0.978194403775154,73394
210,1800,0.12379440087831417,0.12332902123249913,0.9755123901784405,73394
211,2000,0.1297552636589554,0.13008572195739465,0.972868705585123,73394
212,2200,0.13575933008342117,0.13655582220760057,0.9701418395134529,73394
213,2400,0.14162833103420208,0.14184340163924558,0.9676524681827167,73394
214,2600,0.14720093674818197,0.1479387165482,0.9648777780801556,73394
215,2800,0.15224375951691063,0.15376329817123793,0.9623007710214959,73394
216,3000,0.15763002884332994,0.159257955187564,0.9596187698176882,73394
217,3200,0.1629180209042164,0.16393443619433978,0.9568608672065553,73394
218,3400,0.16646237111874393,0.16876439596808324,0.9544381639789606,73394
219,3600,0.17106597015453576,0.17362633446331324,0.9516834230094732,73394
220,3800,0.17490345717806674,0.1782488076594867,0.9491382349799069,73394
221,4000,0.17931958788197738,0.18217963972853005,0.946624399555323,73394
222,4200,0.18383660890324277,0.18476455006240075,0.9442808046093173,73394
223,4400,0.1874458933867052,0.1889584167674455,0.9418343711380835,73394
224,4600,0.19128366325734353,0.1928830821265396,0.9393804177686658,73394
225,4800,0.1955965440773256,0.19685789310523813,0.9366158355259093,73394
226,5000,0.19870951775000661,0.20021218795963655,0.9342776056079163,73394
227,5200,0.20279104519362265,0.2045312527745879,0.9313941596252998,73394
228,5400,0.20687254094116256,0.2077909040101073,0.9290353849639783,73394
229,5600,0.21063952472343023,0.21169811551943407,0.9265156471308983,73394
230,5800,0.214615461328756,0.2148919520349206,0.9237778220436555,73394
231,6000,0.21683332471379604,0.21822454699131177,0.9214379935291481,73394
232,6200,0.2197331881051899,0.221081383992849,0.9191050876595526,73394
233,6400,0.2229921226280323,0.22384285444986204,0.9165634618260637,73394
234,6600,0.22644665228892819,0.22695220647881362,0.9139812579947515,73394
235,6800,0.2293397479431328,0.2297125923583684,0.9119260339557553,73394
236,7000,0.23230598327606275,0.2333930711906759,0.9093565797951111,73394
237,7200,0.23492804849824547,0.23578708650452676,0.9074398080137415,73394
238,7400,0.23776509151426084,0.23945364315190779,0.90482997590792,73394
239,7600,0.24078706936705876,0.24247248269158153,0.9020609400227079,73394
240,7800,0.24323029130110094,0.24490732873303858,0.8996994614722149,73394
241,8000,0.24643518660635222,0.24836685720433616,0.8969245511484016,73394
242,8200,0.24901925497540664,0.25129940606022816,0.8944421787931808,73394
243,8400,0.25116991093107954,0.2542295675215912,0.8921023500566234,73394
244,8600,0.2534044140400619,0.25683729623103796,0.8898324270664852,73394
245,8800,0.25530636683640273,0.2596970493525116,0.8877796478503378,73394
246,9000,0.25776458557253706,0.2631749319537148,0.884649642480725,73394
247,9200,0.2611154824244096,0.2663364363701757,0.8817384807412132,73394
248,9400,0.26287993540024934,0.2688664272591299,0.8795811609597999,73394
249,9600,0.2652458891119491,0.27059256414576566,0.8774390175334509,73394
250,9800,0.2686868583021511,0.2724040728864718,0.8749773731342593,73394
251,10000,0.2711339996523526,0.2744136600624146,0.8724907135697813,73394
252,10200,0.27284632321346813,0.2763456673977975,0.8705051063321327,73394
253,10400,0.27535162215545306,0.27930608773780674,0.8678879198138054,73394
254,10600,0.27813405911757383,0.2808375507045438,0.8653522070458366,73394
255,10800,0.2804675206639341,0.2838271044665831,0.8627852614353635,73394
256,11000,0.28253400099863857,0.28702376484047654,0.8599025658085735,73394
257,11200,0.2854334059230747,0.2894343798965715,0.8570166093748991,73394
258,11400,0.2877621538135184,0.2909192122680482,0.8544555070201632,73394
259,11600,0.29044734614192835,0.29340079229747024,0.8518395076118027,73394
260,11800,0.292927775434497,0.2950920254065841,0.8495053992704131,73394
261,12000,0.2953998296517949,0.29732175818644785,0.8471134758023289,73394
262,12200,0.2970379191107978,0.2996890073058271,0.8445931710266134,73394
263,12400,0.2993124500714472,0.30099372172412,0.8422525846847195,73394
264,12600,0.30068810561083475,0.30299074730050124,0.8401173677012874,73394
265,12800,0.3022478499045513,0.305173873779488,0.838070946565496,73394
266,13000,0.30397043092501347,0.30721081127851113,0.8358447192824757,73394
267,13200,0.30443816782521516,0.3083837401728731,0.8345273349352738,73394
268,13400,0.3064576250971564,0.3094546350533194,0.8325415992366325,73394
269,13600,0.3080416748934113,0.3113684836286985,0.8306164239616148,73394
270,13800,0.3101461697152273,0.31325396651408827,0.8281098452753908,73394
271,14000,0.3118202718394592,0.3146758809968335,0.8258934641371805,73394
272,14200,0.3131653118019628,0.3169614602166759,0.8236693594470916,73394
273,14400,0.314995368868195,0.3186469998266142,0.821298204918993,73394
274,14600,0.31609740141150133,0.32058250546292766,0.8190163076522513,73394
275,14800,0.31781618133957845,0.3220136082204438,0.8172220474142152,73394
276,15000,0.31977954080638776,0.3232024334023701,0.8149914537852552,73394
277,15200,0.3209607641535982,0.3248207361846318,0.8130566223227946,73394
278,15400,0.322043546098632,0.3258049227458949,0.8113302658773444,73394
279,15600,0.32375549359387673,0.3271860995642813,0.8091740954840325,73394
280,15800,0.3254332440353724,0.3289026427465274,0.8070726180173495,73394
281,16000,0.3265796631849503,0.3306306375202684,0.80511404195224,73394
282,16200,0.32797545009730583,0.33187175900968957,0.8032471009281937,73394
283,16400,0.32855655002626366,0.33332107577639214,0.8017655387968458,73394
284,16600,0.33072071459917163,0.33422553395817084,0.7997962959368978,73394
285,16800,0.33212216383449533,0.33672417883366407,0.7973630642088237,73394
286,17000,0.33446409111815856,0.33813768499705193,0.7949511195808574,73394
287,17200,0.335745162811154,0.3388659745498948,0.793205590596942,73394
288,17400,0.3373749894731604,0.3403306608253132,0.7912763145751773,73394
289,17600,0.3384290302731717,0.34153680361150834,0.7895652779040893,73394
290,17800,0.3397964110047692,0.3424512523355434,0.7871960858760884,73394
291,18000,0.3412630380127185,0.34383726024319144,0.7849200884243773,73394
292,18200,0.34281170259487453,0.34529612269624277,0.7830181668247245,73394
293,18400,0.3442010870154738,0.34763325502791975,0.7803475260851391,73394
294,18600,0.3453517970380004,0.3494830504119227,0.7784685903928428,73394
295,18800,0.34760743696664514,0.35072693816884765,0.7759772655312398,73394
296,19000,0.3488335266799737,0.35141597711517436,0.7740918578275499,73394
297,19200,0.35069243610995554,0.35276726697560673,0.7717592652884172,73394
298,19400,0.35146538783530284,0.35487809267635695,0.769443912992373,73394
299,19600,0.3526121538861499,0.35629039812598684,0.7673257296970504,73394
300,19800,0.3545246908462263,0.35806063498890217,0.7650695760291413,73394
301,20000,0.35559358057307366,0.36055134438420317,0.7626138520175396,73394
302,20200,0.35702239501122285,0.3621364103864198,0.7606463910873552,73394
303,20400,0.35967967356920305,0.36322088056301766,0.7584457538381496,73394
304,20600,0.3611083500006959,0.36468679911237767,0.7562652201336506,73394
305,20800,0.36191475905169557,0.36540227915500106,0.7546162137923624,73394
306,21000,0.36322362401366176,0.36641037920582165,0.75309237454017,73394
307,21200,0.36412549946433337,0.3676738881728542,0.7515243609046358,73394
308,21400,0.36501595856213476,0.36860575770259013,0.7495173390746052,73394
309,21600,0.36554161286357656,0.36972039596269385,0.7481275787054243,73394
310,21800,0.36673256170048524,0.3705520458251684,0.7467683727775966,73394
311,22000,0.36742320336879464,0.37142076845438704,0.7454198236892323,73394
312,22200,0.3687049334301996,0.37241028462989645,0.743764284302121,73394
313,22400,0.36995256557142603,0.37308952254697586,0.7418581295771396,73394
314,22600,0.371105001774825,0.37400057782596763,0.7400327848733781,73394
315,22800,0.3717767141313603,0.3757693075408903,0.7378991828206728,73394
316,23000,0.3724829204628904,0.3777040885835642,0.7360332163379526,73394
317,23200,0.3748522174127939,0.37932578975978554,0.7335184302567693,73394
318,23400,0.37584635602262995,0.3803576187594647,0.7316326011274562,73394
319,23600,0.37704815048908014,0.38134283197158064,0.7297107805231271,73394
320,23800,0.377436321560085,0.3828173504070086,0.7281485696557127,73394
321,24000,0.37792791596865455,0.3839028877410066,0.7263476766077791,73394
322,24200,0.3796531839558653,0.3850838681172753,0.7244084742741775,73394
323,24400,0.3808944006698514,0.3865944438987878,0.7220357462913011,73394
324,24600,0.381621449372392,0.38767139258812827,0.7204341090272331,73394
325,24800,0.38231797297609627,0.38916257842540175,0.7182851868934441,73394
326,25000,0.38330092816373845,0.3900487457778937,0.7168735500367609,73394
327,25200,0.3839885609512573,0.39145974177689913,0.715128240786176,73394
328,25400,0.38477375306234934,0.39170742480385223,0.714084717119535,73394
329,25600,0.3856737723637874,0.3933001888830668,0.7122194049965034,73394
330,25800,0.38613480262853067,0.39464586770664034,0.7105048839022469,73394
331,26000,0.3863324384709993,0.3953319220909138,0.7094353706160766,73394
332,26200,0.3873903954024322,0.39711543795356563,0.7073911830416073,73394
333,26400,0.38784189009655523,0.39795883350118594,0.706099374117094,73394
334,26600,0.3880773923781608,0.3994028247613383,0.7044191104242878,73394
335,26800,0.38926754305326977,0.3997414215351963,0.7028937939558476,73394
336,27000,0.3900835357775298,0.4013733711027545,0.7008226623864433,73394
337,27200,0.3906126863807417,0.4024119417568783,0.6995457205186021,73394
338,27400,0.39173477404678175,0.4022994547661935,0.6985506143718891,73394
339,27600,0.39271501215686033,0.4029719670607282,0.6970426519692464,73394
340,27800,0.39402990317463277,0.40417836016556474,0.69553579595468,73394
341,28000,0.39523183378658244,0.40477893573278173,0.6942655147364947,73394
342,28200,0.3967836201223056,0.40557072334908073,0.6926604942494722,73394
343,28400,0.39754067784162045,0.4065058353520393,0.690773739764123,73394
344,28600,0.398975092860539,0.4072927021284411,0.6892071703524892,73394
345,28800,0.39904711851175534,0.40813678292701044,0.6878778178654364,73394
346,29000,0.39899162873603916,0.4085984466723292,0.6866683241625493,73394
347,29200,0.39957503953843915,0.41001825815958465,0.6848422497928432,73394
348,29400,0.4002189000368539,0.41073722669344304,0.6834703565076125,73394
349,29600,0.4010551990021806,0.4115960255804101,0.6821902335312482,73394
350,29800,0.4023651068398617,0.4124778456574384,0.6804694881170351,73394
351,30000,0.4041382090818526,0.4133595050809841,0.6784055816858685,73394
352,30200,0.405346912373179,0.4139351727261971,0.6764670400333441,73394
353,30400,0.4058089502509508,0.4141782868784687,0.6755418866068849,73394
354,30600,0.4067042747762957,0.4146256017440141,0.6740525549180495,73394
355,30800,0.4077765426952349,0.41537995196860183,0.6726057471581269,73394
356,31000,0.40848216359115525,0.41607500752185733,0.6713855337549669,73394
357,31200,0.40961025645215016,0.41641157287634195,0.6706506084431586,73394
358,31400,0.41044638382952525,0.4172050243874828,0.668989845584709,73394
359,31600,0.41124583449784624,0.4180647264202615,0.6675822337567342,73394
360,31800,0.4124395585526261,0.4188288078319584,0.6662250971855949,73394
361,32000,0.41423831039237413,0.41928698945348225,0.6637298104456681,73394
362,32200,0.41492713971966605,0.41939542411987113,0.6626294636862095,73394
363,32400,0.41617922353110354,0.41894948443469054,0.6615230469634118,73394
364,32600,0.4165603203337461,0.41960189941739984,0.6607583719096745,73394
365,32800,0.41732260828755163,0.4198604014474644,0.6593599340975407,73394
366,33000,0.4179677990043901,0.4206596149801403,0.6580407640290288,73394
367,33200,0.4176071290900235,0.4214354368756312,0.6572484056239698,73394
368,33400,0.41830558915388566,0.42126470087020496,0.6561616653495791,73394
369,33600,0.4193037790980795,0.42181535502076983,0.6550554068856657,73394
370,33800,0.41928386621194785,0.42315813415890063,0.6534163438954321,73394
371,34000,0.4200333025882624,0.4237277018074946,0.6519700287984493,73394
372,34200,0.4209664575770418,0.42480701308513197,0.6507273213865417,73394
373,34400,0.4214566868983137,0.4246352161810648,0.6501799159418992,73394
374,34600,0.42234875042360975,0.42520830178664265,0.6492478100170825,73394
375,34800,0.42289822882344863,0.426858974775116,0.6471571746063726,73394
376,35000,0.423956245094305,0.42700929000802046,0.6452958766192958,73394
377,35200,0.42450775900244314,0.4279824716901107,0.6445297298598031,73394
378,35400,0.42573735162804405,0.42777671962922803,0.6436369501412557,73394
379,35600,0.4262077559478206,0.4282847197413646,0.6430892556286489,73394
380,35800,0.4268942350853768,0.42948540821510767,0.6416308382357718,73394
381,36000,0.4275553127600408,0.430120323402205,0.6403428049441241,73394
382,36200,0.4280531502056985,0.43120696105819495,0.6389103965308205,73394
383,36400,0.4286359722205049,0.43229327913033105,0.6374909443755956,73394
384,36600,0.4286670381331378,0.4326595028854088,0.6364150480714035,73394
385,36800,0.42996828424940925,0.4336749610937234,0.6345109037078097,73394
386,37000,0.43181703201767224,0.4342793986622776,0.6328054632900683,73394
387,37200,0.43297930588395084,0.4344040548137467,0.631403919403444,73394
388,37400,0.4334241264435638,0.43565377656973003,0.6301844807156606,73394
389,37600,0.4333426823557693,0.43531614161857124,0.6299569707576685,73394
390,37800,0.43245939249340254,0.43546057776409,0.6296687146956536,73394
391,38000,0.43333468210662984,0.4356779213769314,0.6285174022430591,73394
392,38200,0.43445663181624633,0.4364872100397435,0.6273496025178236,73394
393,38400,0.4345294266513949,0.4369736766097887,0.6256806787004714,73394
394,38600,0.4346237304864895,0.438048290837113,0.6251078931422647,73394
395,38800,0.43482119757539806,0.4384282139599284,0.6242423145987602,73394
396,39000,0.4362481732759591,0.4385338082524365,0.6229912503499628,73394
397,39200,0.4361849425423522,0.4393016515630019,0.6220656609895735,73394
398,39400,0.43715598181928655,0.44016905001824924,0.6208506854283065,73394
399,39600,0.43757532041093056,0.44055315725761957,0.6197186418164125,73394
400,39800,0.43804947306681263,0.4412334462587509,0.6184152129077751,73394
401,40000,0.43832893760880987,0.4418866870441276,0.6177413711884819,73394
402,0,0.0,0.0,1.0,339789
403,200,0.019646883725731375,0.01950765270558971,0.9994003706576137,339789
404,400,0.02774032267399948,0.027443028134864995,0.9988008820033916,339789
405,600,0.03395604163225785,0.03349223245802531,0.9982271976361169,339789
406,800,0.03906565505027561,0.038388786236491584,0.9976503750049461,339789
407,1000,0.043510941877746144,0.04293183258189309,0.9970775417079553,339789
408,1200,0.04743019246242004,0.0469994317949621,0.9965019394821207,339789
409,1400,0.051039336661909136,0.05089772946386213,0.9959146527026209,339789
410,1600,0.05489638488522237,0.05420452751664579,0.995322552724337,339789
411,1800,0.05832770628818842,0.057698372460019604,0.9947336171633311,339789
412,2000,0.06126896154212939,0.06040767994383958,0.994170208727839,339789
413,2200,0.06445922566055211,0.06348917464380997,0.9935831976965638,339789
414,2400,0.0669548313289554,0.06622820513421827,0.9930411174703572,339789
415,2600,0.06959949598002621,0.06882113416262667,0.9924654295339109,339789
416,2800,0.07219936527865235,0.07141548556166961,0.9918698460884667,339789
417,3000,0.07488670842301995,0.07385908419024534,0.9912780367557495,339789
418,3200,0.07716921309075078,0.07615611393357882,0.990731048832017,339789
419,3400,0.07971622406773607,0.07851476209172298,0.9901217158134332,339789
420,3600,0.08177449914070115,0.08094830246745141,0.9895580308237397,339789
421,3800,0.08396579923447264,0.08326857030062108,0.9889665622369088,339789
422,4000,0.08639155390999681,0.08535118464903235,0.9883262640053851,339789
423,4200,0.0885952172427772,0.08729645920015587,0.9877657857946629,339789
424,4400,0.09049046637212717,0.08912833252323418,0.987175354557213,339789
425,4600,0.0922027961359464,0.09118998076975765,0.9866439499838718,339789
426,4800,0.09435651658388372,0.09329496075553317,0.9860323254579878,339789
427,5000,0.09634257750761557,0.09522983706456818,0.9854375005978998,339789
428,5200,0.09809964023355944,0.09718414139923644,0.9848060803044373,339789
429,5400,0.09982389021797225,0.09912672780584966,0.9842182071163008,339789
430,5600,0.10168967554808515,0.1010122938582276,0.9836124451072544,339789
431,5800,0.10358114960567691,0.10238404704400354,0.9830769605856547,339789
432,6000,0.10546833309603623,0.10462331580566986,0.9824535715262049,339789
433,6200,0.10728946688003106,0.10659415370936079,0.9818507979619593,339789
434,6400,0.10927949831653865,0.1087016892581246,0.9811562706298346,339789
435,6600,0.11117321755392677,0.1102051673571123,0.9805634197146706,339789
436,6800,0.11283694558848595,0.11175800027080195,0.980019124529157,339789
437,7000,0.11466251232066695,0.11344373332080208,0.9793853567093566,339789
438,7200,0.11620783527430972,0.11521097387135233,0.9787950180386416,339789
439,7400,0.1176021823123252,0.11683163577446483,0.9781344546998462,339789
440,7600,0.11927907514116566,0.11818920336090823,0.9775779159497142,339789
441,7800,0.12091547052987568,0.11990681010506478,0.9769275883460258,339789
442,8000,0.12211879654398272,0.1215596311199257,0.9763395962952495,339789
443,8200,0.12362568845095179,0.12298871251414643,0.975758039894429,339789
444,8400,0.12476040241963028,0.124406012129693,0.975222804103745,339789
445,8600,0.12639043651628232,0.12569905074415264,0.9746305930287441,339789
446,8800,0.12769914421093462,0.126897242540571,0.9741041999544188,339789
447,9000,0.12884475936556694,0.12798556696919558,0.9736129430640355,339789
448,9200,0.1301832074001306,0.1292029375560697,0.973059673078373,339789
449,9400,0.1315322147751492,0.13050640633068275,0.9725002829980048,339789
450,9600,0.13287665555677142,0.13201364120824696,0.9719430599244461,339789
451,9800,0.13456600513582206,0.13364611844028626,0.9712724709101822,339789
452,10000,0.13553641339094644,0.13516820141677977,0.9707023923835614,339789
453,10200,0.1370797845039433,0.13665126438234712,0.9700796207241383,339789
454,10400,0.13820135529790853,0.13802672527734297,0.969501348995118,339789
455,10600,0.13934876477731342,0.13898020347730686,0.9690328729460722,339789
456,10800,0.14058412756303854,0.14035232669346778,0.9684936309312194,339789
457,11000,0.14159436692075314,0.1415606279049763,0.9680111496238908,339789
458,11200,0.14263616812226296,0.14233258713122396,0.9675360768609933,339789
459,11400,0.1439463202973181,0.14375621993966403,0.966989697612373,339789
460,11600,0.14515877747305367,0.14506270321514297,0.9663831499468543,339789
461,11800,0.1461746930928611,0.14636784531750938,0.9657409123514955,339789
462,12000,0.14731638412376263,0.14791055552898982,0.965132678512546,339789
463,12200,0.14861389821150933,0.14893221846899254,0.9645387203414691,339789
464,12400,0.14982285765451328,0.15026488336698335,0.9639412753813522,339789
465,12600,0.15112393499882218,0.15149157167471514,0.963394001544799,339789
466,12800,0.152199404793901,0.15263761480633542,0.9627645325699814,339789
467,13000,0.15341479054627744,0.1538165829089093,0.9621693975139854,339789
468,13200,0.1542683217147691,0.15480183484892876,0.9616472552316171,339789
469,13400,0.15504290738624446,0.1554746869010575,0.961230717054902,339789
470,13600,0.15609532616671626,0.15628871509364303,0.9607490841359461,339789
471,13800,0.15754303804497882,0.15734280663539726,0.9602171727954149,339789
472,14000,0.15854785360451848,0.1583577870381777,0.9597082641503033,339789
473,14200,0.1595592249482947,0.15958419013843567,0.9590950090792231,339789
474,14400,0.16052732071166098,0.16061467422881912,0.9585136728168496,339789
475,14600,0.16159868661934557,0.16189877964342056,0.9579132905536699,339789
476,14800,0.1628531853037896,0.16308359112400858,0.9572562604482133,339789
477,15000,0.16390836635832337,0.1642159957643099,0.9566468648272215,339789
478,15200,0.16512477633746736,0.1654346030812976,0.9559693908439644,339789
479,15400,0.1661638286689392,0.16625764963857173,0.9554387182902283,339789
480,15600,0.1669717412655336,0.16728262572788688,0.9549750896834935,339789
481,15800,0.16781868970556127,0.168347166126658,0.9544338426144475,339789
482,16000,0.16857133557021006,0.16942752617791704,0.953953272587811,339789
483,16200,0.16993072979847174,0.17070891458461848,0.9532804416316609,339789
484,16400,0.17082844703147376,0.1717020872924634,0.952643832572998,339789
485,16600,0.1717137124333706,0.1726500947739946,0.9520623329999527,339789
486,16800,0.17287476715184347,0.1735030011320922,0.9514384930504639,339789
487,17000,0.1738225453966362,0.17434582096246898,0.9509134272640034,339789
488,17200,0.17483350983479662,0.17551025066687362,0.9503209305760969,339789
489,17400,0.1760255961062363,0.17612681978269165,0.9497989140550177,339789
490,17600,0.17656469836046315,0.1773677115175758,0.949223189474372,339789
491,17800,0.17736234914242863,0.17860933261118578,0.9486499060862792,339789
492,18000,0.1780099690647738,0.17957759851880026,0.9480938624296479,339789
493,18200,0.17910278599836976,0.18073205728832303,0.9474310444408562,339789
494,18400,0.18018503834033608,0.1816554144151801,0.9468566604390668,339789
495,18600,0.18124348256710532,0.18283369152354256,0.9462532711843409,339789
496,18800,0.18214670634129665,0.18360003808757802,0.9457276918240357,339789
497,19000,0.1831309303436582,0.18463596721951467,0.9450986144639167,339789
498,19200,0.18394462439991613,0.18549380350210268,0.9445645146436571,339789
499,19400,0.18477099507826156,0.18629860848743182,0.9440932223021082,339789
500,19600,0.18592084863472122,0.1873286477438263,0.9434918153310551,339789
501,19800,0.18684407037716128,0.18794058562210383,0.9430343803610151,339789
502,20000,0.18770262628877035,0.18854614445761014,0.9425563469010271,339789
503,20200,0.1883204009467554,0.18939128656099768,0.9420804920728042,339789
504,20400,0.18927127133878863,0.1898289073046244,0.9416086459729384,339789
505,20600,0.19007626895167698,0.19058777998039267,0.9410340459858489,339789
506,20800,0.1910693095974738,0.1916627174272903,0.9403190574526238,339789
507,21000,0.19208227514022388,0.19245669612533284,0.9397086430992762,339789
508,21200,0.19318360113923796,0.19339737117504235,0.9390916139190464,339789
509,21400,0.19389595736964052,0.1943562643242483,0.9385356472764963,339789
510,21600,0.1950558700719047,0.1949332440931992,0.9379862325802817,339789
511,21800,0.1958620498609937,0.19566728033497913,0.9374359469343059,339789
512,22000,0.1963819103537749,0.19658040559855103,0.9369568271867467,339789
513,22200,0.19749392432328303,0.1972145346346836,0.9363609021905613,339789
514,22400,0.19807813021675796,0.19775160820100324,0.9358834939177446,339789
515,22600,0.19878977887486748,0.1987835105173778,0.9353721798081861,339789
516,22800,0.19932399251206157,0.1999104293805024,0.9346630852034268,339789
517,23000,0.19991726476536686,0.2005224350798713,0.9341865168421883,339789
518,23200,0.20084655500910828,0.2011489795080071,0.9336474484168917,339789
519,23400,0.20162337017920814,0.20193704284759334,0.9331066321944734,339789
520,23600,0.20183098971715827,0.20292714394113118,0.9326341150700493,339789
521,23800,0.20265459680714992,0.20388371777349398,0.9320077972271567,339789
522,24000,0.20318469094277786,0.20428933861174528,0.9316307180693592,339789
523,24200,0.20377358876543641,0.20522370438404877,0.9311265973488485,339789
524,24400,0.2045196558291998,0.20559703992836822,0.9306747835078779,339789
525,24600,0.20511022690806904,0.20654083450001098,0.9301530198407987,339789
526,24800,0.2054857816136008,0.20709710370759116,0.9298138139919585,339789
527,25000,0.20612183618213398,0.2080319073149707,0.9292794010120417,339789
528,25200,0.20694278850654063,0.20864126731920218,0.9287309742767514,339789
529,25400,0.2073951057522335,0.20943462116910208,0.9282334316194012,339789
530,25600,0.2083672481841359,0.20986537781266015,0.9277896475583184,339789
531,25800,0.20892350934879492,0.21038378353630496,0.9273976887985748,339789
532,26000,0.20951421544496548,0.21111820002670087,0.9268766949662393,339789
533,26200,0.21016875180037306,0.21201053827297242,0.9263917896990984,339789
534,26400,0.21078254154487308,0.21312313993845364,0.9258506845144295,339789
535,26600,0.21173646038771163,0.2139752873310629,0.9251544401125644,339789
536,26800,0.2127376899477279,0.21477327561889129,0.9245480641407182,339789
537,27000,0.21350885805077924,0.21517778346276586,0.9240514122723278,339789
538,27200,0.21412062164096224,0.2158072725600937,0.9235723622894533,339789
539,27400,0.21469912622865578,0.21681236482309005,0.9229919451740137,339789
540,27600,0.21561483760434813,0.21740087086411586,0.922452099503085,339789
541,27800,0.21623947990897321,0.21789903635834001,0.9219648608582415,339789
542,28000,0.21715163893804484,0.21872596981793635,0.9213661847094822,339789
543,28200,0.21754978847675652,0.21943445223985583,0.9209713744920871,339789
544,28400,0.2182078505918742,0.22034022657437607,0.9203622934734609,339789
545,28600,0.21907460481786506,0.22073231081287323,0.9198938074181416,339789
546,28800,0.21928026379726404,0.22170005896399894,0.9195075196684371,339789
547,29000,0.21999508884213229,0.22248541187015308,0.918831170029191,339789
548,29200,0.22104375188671005,0.22302045911683555,0.9182367258656549,339789
549,29400,0.2215358614883298,0.22374271022505118,0.9176654128687008,339789
550,29600,0.222524806444843,0.22415452842439298,0.9171192566708163,339789
551,29800,0.22299752795875266,0.2247481852781541,0.916589298602823,339789
552,30000,0.22365919395812311,0.22560818183389897,0.9160419385456986,339789
553,30200,0.2250010029409063,0.2264946664873466,0.9151961722204498,339789
554,30400,0.2254365572115129,0.22678819661991179,0.9149153740999222,339789
555,30600,0.22582492383304806,0.22722161732042595,0.9144448024303894,339789
556,30800,0.2267684171518175,0.2279546488448048,0.9138216910253082,339789
557,31000,0.22710739969265195,0.22887156345709456,0.9133250870059335,339789
558,31200,0.22773433539578444,0.22946419983948757,0.9127588767195172,339789
559,31400,0.2283595351210487,0.2301728097866914,0.9122490152137263,339789
560,31600,0.22926571750550462,0.23040403671327842,0.9117706131297593,339789
561,31800,0.22989369554383907,0.23122172424803206,0.9111629187831848,339789
562,32000,0.23039022950066437,0.2317435915771378,0.9106542840447098,339789
563,32200,0.23134391980328747,0.23253346605802672,0.9100728962501835,339789
564,32400,0.23156999712464743,0.23298867190419323,0.9097037188606699,339789
565,32600,0.23207856485885728,0.2334904547242255,0.9092099423510633,339789
566,32800,0.23248399698921585,0.23391890218393482,0.9087685316156845,339789
567,33000,0.23340055078267377,0.23473361316231872,0.9081313327262104,339789
568,33200,0.2336464836322477,0.235262069419824,0.9076485552506114,339789
569,33400,0.23480288741196131,0.23569939869880163,0.9070448332644789,339789
570,33600,0.2352407518460221,0.23595899428544823,0.9067444220912799,339789
571,33800,0.23552994094265906,0.23670257842820547,0.9062009019307292,339789
572,34000,0.2365464581884971,0.23736126403566113,0.9056411340912124,339789
573,34200,0.23717465710688007,0.23801885980123957,0.9051863547228475,339789
574,34400,0.23751014252578753,0.23876971839620442,0.9047197035793946,339789
575,34600,0.23826431641595983,0.23920866851784853,0.9042120022576482,339789
576,34800,0.23855980185942882,0.24009387823968717,0.9036601457592698,339789
577,35000,0.23942995322098765,0.24085588061510899,0.9030190944393495,339789
578,35200,0.24000092307378226,0.2413332408224593,0.9024038467290928,339789
579,35400,0.24123862270383434,0.2419014368343962,0.901794906801843,339789
580,35600,0.24181894244582222,0.2425432643371038,0.901277815964878,339789
581,35800,0.24253907762835442,0.24307878286997797,0.9006403561628081,339789
582,36000,0.24303490488224688,0.24373305409394744,0.9000691331492912,339789
583,36200,0.24336681882444372,0.24419401908811691,0.8995337865770155,339789
584,36400,0.24401937823451558,0.24530032444197628,0.898845776739461,339789
585,36600,0.2446017560283609,0.24623123248759707,0.8981794995300817,339789
586,36800,0.24476734070908934,0.24708148037525243,0.8977096305461324,339789
587,37000,0.24564667983747662,0.2480017666699793,0.8970847027271815,339789
588,37200,0.24648183431234338,0.24876544091390274,0.8964855969757768,339789
589,37400,0.2467967306344519,0.24940357399302807,0.8960205018657712,339789
590,37600,0.24716766718738345,0.24967063909179388,0.8956268625135243,339789
591,37800,0.24735139392129868,0.25044812952056417,0.8951424209829778,339789
592,38000,0.24796401972774185,0.2509407846019257,0.894594402481068,339789
593,38200,0.2485859326172912,0.25111056543918503,0.8941229059202129,339789
594,38400,0.24927934942614452,0.2515712923204921,0.8936047783020362,339789
595,38600,0.24973616923121977,0.25229904762583116,0.8930756336198404,339789
596,38800,0.2504605928959097,0.2527181361758,0.8926168918578845,339789
597,39000,0.25120819504801084,0.25304601220141293,0.8921397140750984,339789
598,39200,0.25176724195764905,0.2535763718564714,0.8914897688863124,339789
599,39400,0.2527100206258598,0.2537835207792285,0.8909502213945614,339789
600,39600,0.25325131233310083,0.2544256169601388,0.8902834001630218,339789
601,39800,0.2541538033173317,0.255234286613534,0.8896973683390699,339789
602,40000,0.2549515218856294,0.25583917404153556,0.8889809927988841,339789
603,0,0.0,0.0,1.0,2718318
604,200,0.0067712608776891005,0.006881089065632712,0.9999265116109822,2718318
605,400,0.00957727442389197,0.009750326773018904,0.9998530398461373,2718318
606,600,0.011739455748649184,0.011886715020049541,0.9997796760128446,2718318
607,800,0.013549650651250305,0.013631125953630845,0.9997088931079801,2718318
608,1000,0.015062024209983567,0.01534663557816526,0.999635530466573,2718318
609,1200,0.01648873761117153,0.01683064062699374,0.9995643388622982,2718318
610,1400,0.017953604195044225,0.0179998589347548,0.9994913413596036,2718318
611,1600,0.019079992026644742,0.019174455634644223,0.9994234591234393,2718318
612,1800,0.02038638727698671,0.020443119743253156,0.9993445581986187,2718318
613,2000,0.02134295175184914,0.02161024144930836,0.9992758989571937,2718318
614,2200,0.022318078316511062,0.022751934471016637,0.9992029814638237,2718318
615,2400,0.023358258047334157,0.023835275149316614,0.9991261537785926,2718318
616,2600,0.024370402462806733,0.024840746745278315,0.9990478925262701,2718318
617,2800,0.025151049239177325,0.025800662388321325,0.9989739279719603,2718318
618,3000,0.026045911374983445,0.02663094098663033,0.9989018591091402,2718318
619,3200,0.026994650038482223,0.02757287846014392,0.9988245431059091,2718318
620,3400,0.027891587554890053,0.028414684629553717,0.9987519717054776,2718318
621,3600,0.028675582764020557,0.029249770709478658,0.9986763002769312,2718318
622,3800,0.029522515855446522,0.030084443428559645,0.9986035406490417,2718318
623,4000,0.030474846578863058,0.030824082659208385,0.9985263576515404,2718318
624,4200,0.031141790032758455,0.03155549872300916,0.9984595715850566,2718318
625,4400,0.03180702289734087,0.032199953571729875,0.9983889345931187,2718318
626,4600,0.0325738121286258,0.03287792251451425,0.9983096221200849,2718318
627,4800,0.03329279477017176,0.0337673673495831,0.9982295225102227,2718318
628,5000,0.03417391091111334,0.034437752050910604,0.9981530188854344,2718318
629,5200,0.034703951105621474,0.03513577339607458,0.9980829295079752,2718318
630,5400,0.035469382637634966,0.035801278231460724,0.9980093389790275,2718318
631,5600,0.03607175479186092,0.036281446346962565,0.9979430311300858,2718318
632,5800,0.036639056054301566,0.03697332922148845,0.9978721550334342,2718318
633,6000,0.03732384576922723,0.03770036225856022,0.9977925606871735,2718318
634,6200,0.037958303850041966,0.038312975132821336,0.9977188896452103,2718318
635,6400,0.03857560361531207,0.038875413881927834,0.9976498233779801,2718318
636,6600,0.0391942779521211,0.03939914720884071,0.99757751367864,2718318
637,6800,0.039623964871909535,0.040099593175186056,0.9975085719392666,2718318
638,7000,0.04011496214796117,0.04065772428150526,0.9974414790150098,2718318
639,7200,0.04081245148074488,0.04131397513114346,0.9973581982884386,2718318
640,7400,0.041365185687419204,0.041761435864505425,0.9972921793086904,2718318
641,7600,0.04193458156598578,0.042414615332363605,0.9972194615118845,2718318
642,7800,0.042530562040692756,0.04281491776364226,0.9971505012713178,2718318
643,8000,0.043101347494083744,0.043349095525547145,0.9970747722659117,2718318
644,8200,0.04365418833836268,0.04381467644899,0.9969963287548186,2718318
645,8400,0.04424638609572372,0.04441356990397362,0.9969165771451358,2718318
646,8600,0.04489327741598527,0.04482174684015105,0.9968453779392841,2718318
647,8800,0.04538475476576428,0.04539447639892447,0.9967724136719369,2718318
648,9000,0.04589337958150558,0.045894009861104264,0.9967046894962985,2718318
649,9200,0.04633382417674421,0.04634806096357658,0.9966333029434329,2718318
650,9400,0.04679135610329889,0.04690021192295577,0.9965635824326482,2718318
651,9600,0.047386267424541155,0.047249470333191004,0.9964971024280492,2718318
652,9800,0.04792347738371627,0.047702334824019844,0.9964189447051689,2718318
653,10000,0.04833145811168874,0.048273144666790356,0.9963407346743934,2718318
654,10200,0.048798567174253765,0.04865284943963074,0.9962788303050917,2718318
655,10400,0.049260173123212174,0.04908440266226217,0.9962122801910482,2718318
656,10600,0.04975894202229159,0.04955024197111013,0.9961341387765235,2718318
657,10800,0.050216705609723855,0.04995847748878142,0.9960643858575435,2718318
658,11000,0.05081022354616673,0.050486639908693925,0.995978716366427,2718318
659,11200,0.051375071843368286,0.050918252038033296,0.9959046127258034,2718318
660,11400,0.05174623616611448,0.051294814984035667,0.995833706636334,2718318
661,11600,0.0523094034520075,0.05192896510109147,0.9957432600316668,2718318
662,11800,0.05271582253213908,0.052235689318695634,0.9956776726980346,2718318
663,12000,0.05320314260971656,0.05269915952480287,0.9955980194035897,2718318
664,12200,0.05355757012192798,0.05322274840245979,0.9955274899195974,2718318
665,12400,0.05401645443357141,0.053702049422591616,0.9954464655968964,2718318
666,12600,0.054582680007301085,0.05421271260146191,0.995358222611899,2718318
667,12800,0.05493781264150765,0.054656213239621845,0.9952751079480971,2718318
668,13000,0.05524189097142905,0.055095141363520075,0.9952061679389943,2718318
669,13200,0.055620653012414506,0.05543796748605652,0.9951420473500552,2718318
670,13400,0.056069290159093677,0.05581649721122527,0.9950640380208396,2718318
671,13600,0.056402833885867,0.05634359271968579,0.9949891062416915,2718318
672,13800,0.05676951297923517,0.05676402142573989,0.9949162149900105,2718318
673,14000,0.05717934116430049,0.057211561852380736,0.994837813600631,2718318
674,14200,0.05760065701079182,0.05777461283775525,0.9947609851228403,2718318
675,14400,0.057990915537351896,0.058125729857230246,0.9946882584103134,2718318
676,14600,0.05838408079975421,0.05859801548818939,0.9946025311293235,2718318
677,14800,0.05884385742011706,0.05894480639434544,0.9945180906239554,2718318
678,15000,0.05917430411070762,0.059280846859837255,0.9944466014680946,2718318
679,15200,0.05970639517424321,0.05979265926937417,0.9943597634058944,2718318
680,15400,0.06004949642299258,0.06017034454194797,0.9942829701248327,2718318
681,15600,0.06063388883098038,0.06059895172417356,0.9941932085244447,2718318
682,15800,0.061027811917589006,0.06102025050676718,0.9941104856728487,2718318
683,16000,0.061310797411647924,0.061397302792608834,0.9940422477451782,2718318
684,16200,0.061808124706349464,0.061713186204134005,0.9939635118604063,2718318
685,16400,0.06212696413027274,0.06205493724785202,0.9938931934759812,2718318
686,16600,0.06239860969222981,0.06242658890656179,0.9938210998079807,2718318
687,16800,0.06269565751624707,0.06278530753556671,0.9937434452026908,2718318
688,17000,0.06310044117811846,0.06323302606126951,0.9936602109613597,2718318
689,17200,0.06352546115954473,0.06356155841566627,0.9935908830359381,2718318
690,17400,0.06382906187881769,0.06376054345104039,0.9935306803849455,2718318
691,17600,0.06411848855043188,0.0641261488398622,0.9934700048842544,2718318
692,17800,0.06469371377086015,0.06460543761840563,0.9933804924607351,2718318
693,18000,0.06503582357621525,0.06500331693712516,0.9933007703405572,2718318
694,18200,0.06543779412811424,0.06544779211240326,0.9932235796427893,2718318
695,18400,0.0657803807985481,0.06581267653168611,0.9931540282833168,2718318
696,18600,0.06597624703258341,0.0661784986491129,0.9930887083974498,2718318
697,18800,0.0664819040875637,0.06650786244159883,0.993004017198478,2718318
698,19000,0.06689335916343252,0.06685782538462035,0.9929399488542348,2718318
699,19200,0.06739950743976801,0.06727356709246504,0.9928534653750961,2718318
700,19400,0.0678581170235612,0.06757576507458578,0.9927715211033621,2718318
701,19600,0.06817060449995259,0.06784167924804713,0.9927060890939158,2718318
702,19800,0.06869005283425333,0.06813491101888385,0.9926191780171645,2718318
703,20000,0.06899864270518778,0.0685700375673036,0.9925515490222122,2718318
704,20200,0.06923871124077646,0.06898799906135775,0.9924849326716605,2718318
705,20400,0.06962522579554987,0.0692627920276636,0.9924157949822054,2718318
706,20600,0.07007070096213643,0.06957044042901203,0.9923235744365502,2718318
707,20800,0.07040794540608797,0.06993691462665942,0.9922485619721878,2718318
708,21000,0.07072235098135474,0.07017723246917422,0.9921702311371593,2718318
709,21200,0.07107322996703995,0.07043220543787822,0.9921101815455134,2718318
710,21400,0.07127903885583144,0.07075675986138812,0.992037317840534,2718318
711,21600,0.07149629311389022,0.0711062111921149,0.9919709784814257,2718318
712,21800,0.07185957778550009,0.07136466842473821,0.9918993336956826,2718318
713,22000,0.07216462740477468,0.07164574586204465,0.991845845577659,2718318
714,22200,0.0725227137055113,0.07195562625330724,0.9917634969608867,2718318
715,22400,0.0728409029834474,0.07230392874879053,0.9916898738495121,2718318
716,22600,0.07321116130696988,0.07253633679434815,0.9916241053896654,2718318
717,22800,0.07347820610212538,0.07285628816568719,0.9915543632598623,2718318
718,23000,0.07402336462205,0.07296254190669166,0.9914795743764676,2718318
719,23200,0.07429048318413203,0.07328867690768155,0.991412609209529,2718318
720,23400,0.07460330841476402,0.07366794764679709,0.9913371546252853,2718318
721,23600,0.07495913861830096,0.07397836667965868,0.9912665324019847,2718318
722,23800,0.0753520125260886,0.07426014993141808,0.9911906087947806,2718318
723,24000,0.07573135865780016,0.07462650604153964,0.9911134471801579,2718318
724,24200,0.07605763079156581,0.0749512581861945,0.9910391948145799,2718318
725,24400,0.0763222010221359,0.07522681047292236,0.9909712524590945,2718318
726,24600,0.07676101264680235,0.07560766955763187,0.9908801820014631,2718318
727,24800,0.07691899920442703,0.07577654567666839,0.9908302918854435,2718318
728,25000,0.07714682585799514,0.07606691183647998,0.9907702193197465,2718318
729,25200,0.07751256404375496,0.07634377444280507,0.9907007004610301,2718318
730,25400,0.07781605611871413,0.07667718271800868,0.9906212731597432,2718318
731,25600,0.07812863908582565,0.07697348763919956,0.9905424027840287,2718318
732,25800,0.07828224872118394,0.07722295918903481,0.9904768595000638,2718318
733,26000,0.07859441003321857,0.07759192132096819,0.9903951542764499,2718318
734,26200,0.07886418292135489,0.07779308661044702,0.990338481523484,2718318
735,26400,0.07910424824964485,0.07819783010197705,0.9902520495725745,2718318
736,26600,0.07938418015646012,0.07856351389463084,0.990176728732922,2718318
737,26800,0.07957598935888245,0.07874689511313529,0.9901101329392045,2718318
738,27000,0.07993899947672946,0.07906199532361767,0.9900358243936406,2718318
739,27200,0.08024687482655597,0.07935645287547764,0.9899599120505118,2718318
740,27400,0.08047871178269492,0.07981560119488275,0.9898804547786036,2718318
741,27600,0.08074109152324171,0.08020047747682202,0.9897970185180799,2718318
742,27800,0.08108792609085044,0.08042198582981398,0.9897046904873102,2718318
743,28000,0.081309821354845,0.08069079983858542,0.9896416248018357,2718318
744,28200,0.08179354827840786,0.0807565156720915,0.9895649609226179,2718318
745,28400,0.08196140075779555,0.081067328174295,0.9894973220235966,2718318
746,28600,0.08222349601706963,0.08138673379918819,0.9894239158670498,2718318
747,28800,0.08245086862458391,0.08168629482011852,0.9893668165354338,2718318
748,29000,0.08251086598692003,0.08190470387891831,0.9893235389612748,2718318
749,29200,0.08270844248249365,0.0822562745536049,0.9892516571598826,2718318
750,29400,0.08305115467383026,0.08264492474973167,0.9891600953375195,2718318
751,29600,0.08333838692111883,0.08297362681612151,0.9890797033391373,2718318
752,29800,0.08357339564970309,0.08328527189075907,0.989016711117058,2718318
753,30000,0.08351376668190505,0.08349992239490912,0.9889799626442758,2718318
754,30200,0.08391342596049395,0.0837496314238419,0.9889073286762721,2718318
755,30400,0.08422288573059104,0.0840395568002946,0.9888362154492922,2718318
756,30600,0.08451593906154538,0.08427261144880638,0.9887567573567674,2718318
757,30800,0.08494911698592493,0.08460175336021564,0.9886765366316049,2718318
758,31000,0.08524528850046088,0.08498861870106329,0.9885996649088961,2718318
759,31200,0.08548276379085896,0.08512693369027322,0.9885223461499407,2718318
760,31400,0.08570894253178543,0.08543440581961097,0.9884476876836971,2718318
761,31600,0.08599444148705553,0.08554824177209425,0.9883768971678827,2718318
762,31800,0.08628473014561779,0.0858762360578679,0.9883000284154714,2718318
763,32000,0.08667282633844899,0.08609600618291692,0.9882269781034487,2718318
764,32200,0.08680180132318699,0.08631396371842336,0.9881836961992242,2718318
765,32400,0.08692978631131745,0.08644745530840857,0.9881328916382135,2718318
766,32600,0.08720602188672753,0.08672254936235756,0.988050674251388,2718318
767,32800,0.08736258846396495,0.08692530920354795,0.9879825745655532,2718318
768,33000,0.08749228369566667,0.0872661724304643,0.9879181905143863,2718318
769,33200,0.08770505282475163,0.08756395067453256,0.9878524803649845,2718318
770,33400,0.08794933948058552,0.08777707488258937,0.9877821015719593,2718318
771,33600,0.08794172937406357,0.08804271017186063,0.987728171402103,2718318
772,33800,0.0883136396922677,0.0883708882929209,0.9876417217482613,2718318
773,34000,0.08851626463629017,0.08865161476199408,0.9875726356431554,2718318
774,34200,0.08887613018347995,0.08884233716301747,0.9875089431265304,2718318
775,34400,0.08917533331810182,0.0890970856859449,0.9874257261429451,2718318
776,34600,0.0894385760566009,0.08942420108162986,0.987339749775191,2718318
777,34800,0.08975240361530883,0.08972141041604466,0.9872463131502743,2718318
778,35000,0.08987697055740373,0.08994864577250397,0.9871964105048119,2718318
779,35200,0.09016591233326285,0.09016291616077732,0.9871212739631839,2718318
780,35400,0.09034202254048634,0.09046130373733176,0.9870532980601636,2718318
781,35600,0.09065010772830644,0.09065168638914531,0.9869773964096242,2718318
782,35800,0.09099363498254352,0.09097944950771766,0.9868870841899441,2718318
783,36000,0.09125924787179499,0.09116729010920568,0.9868107492053201,2718318
784,36200,0.0915358355631488,0.09145930829312265,0.9867409878338651,2718318
785,36400,0.09170547614681093,0.09181312116408258,0.9866570889392613,2718318
786,36600,0.09195793351995614,0.0920314563493539,0.9865985098697196,2718318
787,36800,0.09216480496929731,0.09224022172833266,0.9865261465317718,2718318
788,37000,0.09243864547808045,0.09261144225201279,0.9864397741732597,2718318
789,37200,0.09265310528533617,0.0929610127316295,0.9863674571455316,2718318
790,37400,0.09293936263759546,0.09328121160498867,0.9862810184623059,2718318
791,37600,0.0930726832538812,0.09354838446529878,0.9862164082092321,2718318
792,37800,0.09331178826926255,0.09397396880932458,0.9861310880405921,2718318
793,38000,0.09345265125087351,0.09426844456240017,0.9860603646797157,2718318
794,38200,0.09354037996325705,0.09447203509406026,0.9860041694077057,2718318
795,38400,0.09382528360892779,0.09466020271311831,0.9859449486362127,2718318
796,38600,0.09410095410677445,0.09488461778937014,0.9858583012856236,2718318
797,38800,0.09422096837150196,0.09514046536500405,0.9858014207260176,2718318
798,39000,0.09445418270345601,0.09552453558780073,0.9857114871026595,2718318
799,39200,0.0946542609205791,0.09576411495117043,0.9856543408124362,2718318
800,39400,0.09478693559762019,0.09590374096859046,0.9855992250092499,2718318
801,39600,0.09507779585940082,0.09627839778670953,0.9855077641046665,2718318
802,39800,0.09543853025965561,0.09640326176889626,0.9854520878976997,2718318
803,40000,0.09556892000572537,0.09673095545500286,0.9853753554444497,2718318
