,time_ns,avg_x_coord,avg_y_coord,diff_time_ns
0,0,0.19775717750798935,0.8183754395507133,21746
1,200,0.21103749082011913,0.8106220896362626,21746
2,400,0.22161800020319006,0.8033333706528396,21746
3,600,0.2317198884465016,0.7961900831627444,21746
4,800,0.24166973469479078,0.7891103419318343,21746
5,1000,0.2512315848291543,0.7818769091742378,21746
6,1200,0.26022327281230284,0.7742633719170499,21746
7,1400,0.2667628671218856,0.7677239196026934,21746
8,1600,0.2744311710818878,0.7617150314159707,21746
9,1800,0.2816810479042797,0.7562987208105023,21746
10,2000,0.2874490278396424,0.7503075740867128,21746
11,2200,0.29498088647874565,0.7436846557158846,21746
12,2400,0.3028442915354268,0.737530626830865,21746
13,2600,0.309370962377524,0.7319645547124336,21746
14,2800,0.31458464476659187,0.7261845059981539,21746
15,3000,0.32033222954017415,0.7206067670171055,21746
16,3200,0.3261548784956432,0.7148429940285967,21746
17,3400,0.33232290543909426,0.7083649362859493,21746
18,3600,0.3372111225382071,0.7037060819763208,21746
19,3800,0.34221123479554183,0.6988236996162436,21746
20,4000,0.34661597006590533,0.6940489584843511,21746
21,4200,0.351720707874629,0.6882258845479811,21746
22,4400,0.35564667104857745,0.6827477726262055,21746
23,4600,0.3597986054487066,0.6788002825972888,21746
24,4800,0.36397660240731544,0.6742608051266853,21746
25,5000,0.36740615100686247,0.6710279929751818,21746
26,5200,0.3707272374038191,0.6668098326584418,21746
27,5400,0.37464153772702524,0.6619940160140229,21746
28,5600,0.377927528981665,0.6580627721633806,21746
29,5800,0.3815160154377989,0.6539619763168489,21746
30,6000,0.3851682327055099,0.6499025802991842,21746
31,6200,0.38783074558567837,0.6458843492900364,21746
32,6400,0.3913506332339699,0.6418147193964432,21746
33,6600,0.3942146296165794,0.6371569401854477,21746
34,6800,0.3985780568741919,0.6337507888928567,21746
35,7000,0.4021830539417537,0.6303944004449714,21746
36,7200,0.4046493358559954,0.6274866875459001,21746
37,7400,0.4078085544300079,0.6246367740522213,21746
38,7600,0.4094291839123336,0.6210300615972467,21746
39,7800,0.4121534301700212,0.6175995112058044,21746
40,8000,0.41382807335437316,0.6153509028640849,21746
41,8200,0.4152798513164887,0.6126372889732872,21746
42,8400,0.4170455521448529,0.6104515310933799,21746
43,8600,0.4184809777403019,0.6078219398060788,21746
44,8800,0.4201047809685579,0.6046221886295597,21746
45,9000,0.4228163830658402,0.6012168583503898,21746
46,9200,0.42480105137192953,0.5984215308302119,21746
47,9400,0.4272391489245364,0.5947894822916794,21746
48,9600,0.42964193299672965,0.5915982291319831,21746
49,9800,0.43177772424885724,0.5889734126481048,21746
50,10000,0.4340968534053158,0.5864466461605873,21746
51,10200,0.435066017642188,0.5838456480264015,21746
52,10400,0.43687491945855317,0.5811447778401467,21746
53,10600,0.4397413858331129,0.5788173230431225,21746
54,10800,0.4412198778857302,0.5766312867123816,21746
55,11000,0.44356162816856354,0.5736729835047363,21746
56,11200,0.444806547253772,0.5723810008064975,21746
57,11400,0.44652966671434885,0.570773308854821,21746
58,11600,0.4485346615018256,0.5687728601996699,21746
59,11800,0.45030736773716123,0.5667051980444046,21746
60,12000,0.451418784925995,0.5651514046551847,21746
61,12200,0.45319151307059524,0.5638363194831304,21746
62,12400,0.45415432017042695,0.5622553741384181,21746
63,12600,0.45502284647355845,0.5611609145773262,21746
64,12800,0.4560521823442986,0.5594949584933708,21746
65,13000,0.45686407687303326,0.5581136077898566,21746
66,13200,0.45824810409477257,0.5555272506281032,21746
67,13400,0.4589025966162527,0.5539596251241639,21746
68,13600,0.46026182647621927,0.5521239462747243,21746
69,13800,0.46206028690525897,0.5507705714196918,21746
70,14000,0.4628864847282516,0.5486317137076336,21746
71,14200,0.46515600100279964,0.5478174285492674,21746
72,14400,0.4668107790462954,0.546782873033904,21746
73,14600,0.4664661340010377,0.5460793429211759,21746
74,14800,0.46756385533370015,0.5449061272200835,21746
75,15000,0.4674855736580225,0.5443214598076095,21746
76,15200,0.4678376699327656,0.543104716260327,21746
77,15400,0.46849209538701414,0.5417121933612552,21746
78,15600,0.4690686175325135,0.5407334956148404,21746
79,15800,0.4687039247635122,0.5391910416013314,21746
80,16000,0.46855675786955414,0.5395352622827004,21746
81,16200,0.4686265695396529,0.538857424887179,21746
82,16400,0.4689252903240616,0.5381064803976708,21746
83,16600,0.47058573362523115,0.5370254203052541,21746
84,16800,0.4709924570721815,0.5364875540483813,21746
85,17000,0.47092372895370604,0.5355107137222294,21746
86,17200,0.471474718429196,0.5357228863309292,21746
87,17400,0.47134575765257,0.5355997867147405,21746
88,17600,0.4730511351266904,0.5349126877892395,21746
89,17800,0.47325050166612626,0.5345344172651908,21746
90,18000,0.47414895937213763,0.5334361747263883,21746
91,18200,0.475133242461573,0.532646501517376,21746
92,18400,0.474990226251045,0.5324252009478067,21746
93,18600,0.4753105324330966,0.5319065004075058,21746
94,18800,0.4770523039195605,0.5311509197890325,21746
95,19000,0.4768092524550271,0.5316178412723733,21746
96,19200,0.4770526214793332,0.5311072525799565,21746
97,19400,0.47694843945197923,0.5305965187694595,21746
98,19600,0.4767231295222009,0.530333456165857,21746
99,19800,0.47698357170992944,0.5287326325719309,21746
100,20000,0.4783785031906044,0.5281877431024611,21746
101,20200,0.47954693052326064,0.5274984028163778,21746
102,20400,0.4788333694924348,0.5268402355830595,21746
103,20600,0.47853736195733465,0.5264971773155087,21746
104,20800,0.47898264053814105,0.5261822997240164,21746
105,21000,0.47927600517938157,0.5255314071160283,21746
106,21200,0.48027471616868134,0.5244551481966615,21746
107,21400,0.4813837284656163,0.5230405836152485,21746
108,21600,0.4821212086217457,0.5222191596873341,21746
109,21800,0.4840027934590296,0.5216222438905942,21746
110,22000,0.4843527790416734,0.5220236480015982,21746
111,22200,0.48454873773757884,0.5215807438188114,21746
112,22400,0.4848054848291279,0.5211824734836502,21746
113,22600,0.4852201869047888,0.5202438133043589,21746
114,22800,0.48664362500608016,0.5182409860741443,21746
115,23000,0.4873093679377128,0.517332845462915,21746
116,23200,0.48696376193928026,0.5168131587258626,21746
117,23400,0.48706882074812186,0.5160539265422724,21746
118,23600,0.48641687134437506,0.5161822313900847,21746
119,23800,0.4873995918113144,0.5155637105320042,21746
120,24000,0.48723998433949006,0.5148994069503116,21746
121,24200,0.4868182325047243,0.5141300418687486,21746
122,24400,0.4866148944769601,0.5140746204227239,21746
123,24600,0.48813169938339224,0.512997572414515,21746
124,24800,0.48860693678215505,0.512156132648342,21746
125,25000,0.4884567913373887,0.5117364149264183,21746
126,25200,0.4882387649393068,0.5120179223473595,21746
127,25400,0.48877256941599573,0.5120140921171218,21746
128,25600,0.488783582982511,0.5113788840719451,21746
129,25800,0.48936368374938016,0.5114727481595399,21746
130,26000,0.48953586197274873,0.5113986222892957,21746
131,26200,0.4893478302439888,0.5112934831288107,21746
132,26400,0.4892141396370261,0.5116889925320187,21746
133,26600,0.48890259354029547,0.5111463310945906,21746
134,26800,0.49076731365142234,0.5107176253524648,21746
135,27000,0.4897079457085085,0.5117476984409366,21746
136,27200,0.49071629856189763,0.5116165391805568,21746
137,27400,0.4904906128569523,0.5111363468915863,21746
138,27600,0.49002456604590355,0.5113493291884478,21746
139,27800,0.4901150440605327,0.5110864661015967,21746
140,28000,0.4901576634188862,0.5115053713015731,21746
141,28200,0.4901757062093808,0.5125262152145489,21746
142,28400,0.4907563428652037,0.5116580925654621,21746
143,28600,0.49128470476340064,0.5112795276786573,21746
144,28800,0.49152883558738447,0.5094888588381833,21746
145,29000,0.49176326562204475,0.5090926946831504,21746
146,29200,0.49139002276066457,0.5096064750795444,21746
147,29400,0.4913650525464532,0.508526881290823,21746
148,29600,0.4912030272243915,0.5080236852009488,21746
149,29800,0.4920275257528537,0.5067422521919496,21746
150,30000,0.49114319808505486,0.5068662555223604,21746
151,30200,0.49170597561224716,0.5070016039210222,21746
152,30400,0.4917177458911568,0.5075747291612008,21746
153,30600,0.49105832967202484,0.5076035206572833,21746
154,30800,0.4918856926153058,0.5068218438777251,21746
155,31000,0.49150957747233665,0.5070759193722778,21746
156,31200,0.4917868547542244,0.5067818842973267,21746
157,31400,0.49183038802851703,0.5067675773241817,21746
158,31600,0.4919104760000202,0.5067780109396327,21746
159,31800,0.49222441980499976,0.5066384093807399,21746
160,32000,0.4926832034438487,0.506509292444728,21746
161,32200,0.4928921082648048,0.5071060616451614,21746
162,32400,0.4942319793322447,0.5071472231737989,21746
163,32600,0.49353047727435917,0.5079001190382849,21746
164,32800,0.4936395637952311,0.5073536434027651,21746
165,33000,0.4934610354511679,0.5072102977501911,21746
166,33200,0.49406527979252873,0.5072618567296253,21746
167,33400,0.4928854253978314,0.5081304226467602,21746
168,33600,0.49252525327646746,0.5087929821822734,21746
169,33800,0.49343781582790497,0.5073492661585998,21746
170,34000,0.49393272810421796,0.5068710974251246,21746
171,34200,0.49378892155833076,0.5057859083657122,21746
172,34400,0.4944822808502189,0.5052868036043298,21746
173,34600,0.4942702266403827,0.5053633253966731,21746
174,34800,0.4948898018379026,0.505478825587475,21746
175,35000,0.4948739897150818,0.5048019552128465,21746
176,35200,0.49395074639569386,0.5054989403014721,21746
177,35400,0.4937268422801177,0.506880412529917,21746
178,35600,0.4934535067466133,0.5068851383446586,21746
179,35800,0.49427933531188817,0.5071990265216417,21746
180,36000,0.49384014679639765,0.5072327542074917,21746
181,36200,0.49539468396058683,0.506269643276998,21746
182,36400,0.495543275026368,0.5060204889988885,21746
183,36600,0.4954766990028378,0.5055569073915306,21746
184,36800,0.49578124990257577,0.5049563855492262,21746
185,37000,0.49595309880021066,0.5033820352959915,21746
186,37200,0.4956307404335554,0.5028180701849445,21746
187,37400,0.4942181147662461,0.5045122997208272,21746
188,37600,0.4942126389778543,0.5052157706667197,21746
189,37800,0.4947029700630589,0.5051215999068801,21746
190,38000,0.49432182325122037,0.5034316471243674,21746
191,38200,0.49491319085095753,0.5031341685636006,21746
192,38400,0.4940800470890927,0.5030196560991214,21746
193,38600,0.49462695691636044,0.5021683636507364,21746
194,38800,0.4946527736070635,0.5014911791243007,21746
195,39000,0.49573996435130674,0.5019392308985056,21746
196,39200,0.4959004574401126,0.5012313838215752,21746
197,39400,0.49602848597766347,0.501793207364708,21746
198,39600,0.4951279794590892,0.5029866629540326,21746
199,39800,0.4956852944549966,0.5034740688653853,21746
200,40000,0.4965363188791378,0.5035188125192661,21746
201,0,0.19780298428363952,0.8203431800068371,73394
202,200,0.20140625830275544,0.8179125721498968,73394
203,400,0.2051421507371282,0.8157536453922944,73394
204,600,0.20875477721831578,0.8133332545614291,73394
205,800,0.21225560875321298,0.8110732314012231,73394
206,1000,0.2155440375764549,0.8088539525675,73394
207,1200,0.21846907286097522,0.8066297698126875,73394
208,1400,0.22219028451354594,0.8039207542516242,73394
209,1600,0.22591494391718805,0.8017390031758497,73394
210,1800,0.2286517143291573,0.7995448840903574,73394
211,2000,0.23149335591916645,0.7972619494830341,73394
212,2200,0.23420500858486012,0.7954578780018483,73394
213,2400,0.2367419917195371,0.7932554672946187,73394
214,2600,0.2398066593345208,0.791405094596227,73394
215,2800,0.24251846514580783,0.7896380840349119,73394
216,3000,0.2452034188595512,0.7877994784951284,73394
217,3200,0.24845945482137122,0.7853774972879942,73394
218,3400,0.25124368106431677,0.7834496598843886,73394
219,3600,0.2536371100019961,0.7810110829258667,73394
220,3800,0.25603246825880843,0.7788110691466963,73394
221,4000,0.2587976063363122,0.7763822151466642,73394
222,4200,0.2615215607097045,0.7745795172646328,73394
223,4400,0.264271789027123,0.7723878069521782,73394
224,4600,0.26697922842775884,0.7701438948173404,73394
225,4800,0.26895373298626063,0.7685952133222925,73394
226,5000,0.270571929395936,0.7665356826977887,73394
227,5200,0.27341520953568704,0.7646916641948507,73394
228,5400,0.2762363312758094,0.7627317988575566,73394
229,5600,0.27821519070965856,0.7610968906187752,73394
230,5800,0.28006647811012825,0.7591826724773841,73394
231,6000,0.28207836421368976,0.75724742674873,73394
232,6200,0.2834918890374437,0.7555405693153898,73394
233,6400,0.2862159942814127,0.7534601518057844,73394
234,6600,0.28829353608413555,0.7517200901589475,73394
235,6800,0.29061817925466477,0.7495967582365586,73394
236,7000,0.2924510977000094,0.7476334433368343,73394
237,7200,0.29437352316917714,0.7460382574043263,73394
238,7400,0.29557713484091397,0.7447636673968258,73394
239,7600,0.29716536385533443,0.7428941234355096,73394
240,7800,0.2994024778848349,0.7408642737777633,73394
241,8000,0.3015685343828608,0.7391799877617087,73394
242,8200,0.3033089290417412,0.73709785864518,73394
243,8400,0.30498498441686456,0.7353666253826636,73394
244,8600,0.3064055903276135,0.7332435449364698,73394
245,8800,0.30833515326809824,0.7318400683180587,73394
246,9000,0.3096242528378719,0.7305709778016668,73394
247,9200,0.3110432877455967,0.7290709710169502,73394
248,9400,0.31319865219446946,0.7269733987631299,73394
249,9600,0.3150201335223076,0.7253489700294904,73394
250,9800,0.3171285606772854,0.7238546804346825,73394
251,10000,0.31895451480447157,0.722123440975333,73394
252,10200,0.3201947092757548,0.7206470380877776,73394
253,10400,0.3218375122418159,0.7191510509494379,73394
254,10600,0.3239051509621293,0.7173989861093952,73394
255,10800,0.325368785807787,0.7156527126573925,73394
256,11000,0.32756798743918686,0.7138595038664349,73394
257,11200,0.329057089747248,0.7126012460802803,73394
258,11400,0.33036388509992054,0.7111873866001225,73394
259,11600,0.3326212551036165,0.7092413910378567,73394
260,11800,0.33445907676036296,0.7078997757595904,73394
261,12000,0.3368772877832295,0.705968130966914,73394
262,12200,0.3380157356372265,0.7041904074284461,73394
263,12400,0.3396860510494652,0.7021679455728209,73394
264,12600,0.3411945286622261,0.7006219997983696,73394
265,12800,0.3427130965289829,0.69885043071845,73394
266,13000,0.34455709536087453,0.6968117069783942,73394
267,13200,0.3462602910332278,0.694627509141593,73394
268,13400,0.34794587160157436,0.6931616673132491,73394
269,13600,0.34949817088321716,0.6915665701707671,73394
270,13800,0.35063700156834704,0.690134402249425,73394
271,14000,0.3517618663620328,0.6890442064561899,73394
272,14200,0.353050589335248,0.6873294521895074,73394
273,14400,0.35435519368044355,0.6855682561280002,73394
274,14600,0.35586167648677575,0.6835869661693103,73394
275,14800,0.35721439618914036,0.6821300190618392,73394
276,15000,0.3582339013994778,0.6805713383809385,73394
277,15200,0.3592989690304025,0.6790584711546364,73394
278,15400,0.3601182752861152,0.6774496654856662,73394
279,15600,0.3613220916547326,0.6764380350291169,73394
280,15800,0.3622873641337538,0.6753388079196312,73394
281,16000,0.3636911579701507,0.6741859509634894,73394
282,16200,0.3642669761931522,0.6726288751606798,73394
283,16400,0.3657520763687835,0.6710434564676427,73394
284,16600,0.3667904191128085,0.6696466571119217,73394
285,16800,0.3678370523188569,0.6686293409236137,73394
286,17000,0.36912737129288425,0.6673131145551995,73394
287,17200,0.3705270948923038,0.6661366607947987,73394
288,17400,0.3716870467021971,0.6644614119327362,73394
289,17600,0.37302633197100815,0.6632283158556922,73394
290,17800,0.37388153850608064,0.6622311507179915,73394
291,18000,0.374408946278145,0.6612242612157094,73394
292,18200,0.37603213938263946,0.6596767061682499,73394
293,18400,0.37719802977242683,0.6586268646671724,73394
294,18600,0.378359016882602,0.65728218831521,73394
295,18800,0.38006056878264205,0.6558331904199778,73394
296,19000,0.3811231925190306,0.6547463002623906,73394
297,19200,0.3819344520540829,0.6535040137134749,73394
298,19400,0.3834244785464693,0.6525108838418631,73394
299,19600,0.38481381583295066,0.6513844655008952,73394
300,19800,0.38563969468526293,0.6505817452716331,73394
301,20000,0.38682736471938206,0.6494327121456167,73394
302,20200,0.38752045114102723,0.648511691906429,73394
303,20400,0.3883640412131099,0.6469697846281833,73394
304,20600,0.38947814103322764,0.645885960702672,73394
305,20800,0.3909955132339807,0.6444016246885392,73394
306,21000,0.3919407511141886,0.6439397878385997,73394
307,21200,0.3928417801213704,0.6431231874614072,73394
308,21400,0.393692072641146,0.6421618923240148,73394
309,21600,0.394665366498646,0.6410046863317479,73394
310,21800,0.39565361665675874,0.6400168539382247,73394
311,22000,0.39665261168132904,0.6383861081267113,73394
312,22200,0.3979257814293651,0.6372339967516375,73394
313,22400,0.39930096920836616,0.6357891721713892,73394
314,22600,0.40032129464968624,0.6347443109431707,73394
315,22800,0.4010261466584291,0.6339782746668478,73394
316,23000,0.4015947025497595,0.6328353007191255,73394
317,23200,0.40237048614608034,0.6319149647714468,73394
318,23400,0.4032984995400173,0.6311004518881823,73394
319,23600,0.40392515080208186,0.6296257479634269,73394
320,23800,0.4043135260211856,0.6285090327473055,73394
321,24000,0.40567416759063,0.6270246752734465,73394
322,24200,0.4062744601424977,0.6259035630063603,73394
323,24400,0.40687510825516876,0.6244661083790208,73394
324,24600,0.40753069371879425,0.623030640469947,73394
325,24800,0.4089423877202957,0.6217574554220221,73394
326,25000,0.40912990923348774,0.620624442956511,73394
327,25200,0.40989542482206826,0.6195278056912761,73394
328,25400,0.41096772107643365,0.6182344709113671,73394
329,25600,0.4114973035128068,0.6171431850748427,73394
330,25800,0.412181886169039,0.6161958821605501,73394
331,26000,0.41297929198628947,0.6157223275338929,73394
332,26200,0.4144600732630479,0.6142105558673454,73394
333,26400,0.41527579103637213,0.613043903657442,73394
334,26600,0.4158999650595253,0.6124599415725908,73394
335,26800,0.41675802857497674,0.6111044157483442,73394
336,27000,0.4170592742648442,0.6106390107096469,73394
337,27200,0.41760373257358807,0.6101568053760925,73394
338,27400,0.41883698961744353,0.6091299368342685,73394
339,27600,0.4197514127827299,0.6088702010027718,73394
340,27800,0.4203815631123736,0.60790390597265,73394
341,28000,0.4216723012669407,0.6070554062450132,73394
342,28200,0.4224329499114401,0.6063373744618477,73394
343,28400,0.4231506447144,0.6051917383041294,73394
344,28600,0.4233459956120394,0.6040842088497622,73394
345,28800,0.4239501323736053,0.6034448589060367,73394
346,29000,0.4251875652589157,0.6026160336493721,73394
347,29200,0.425932461096532,0.6015335444231811,73394
348,29400,0.42722251943745077,0.6008618129671057,73394
349,29600,0.4288496836392844,0.5997952167245099,73394
350,29800,0.42982094459487286,0.5983655714437404,73394
351,30000,0.43049930931712965,0.597680208705523,73394
352,30200,0.43084522577626505,0.5965149989318654,73394
353,30400,0.4317761818003337,0.5952131322302993,73394
354,30600,0.43206566154930925,0.5948290627145357,73394
355,30800,0.43220558928882236,0.5941919887085564,73394
356,31000,0.43252588324970803,0.5938284568091142,73394
357,31200,0.4332827295732912,0.5934670512037171,73394
358,31400,0.4340006507135322,0.5921150383540233,73394
359,31600,0.4346968259090067,0.5914293534198183,73394
360,31800,0.4348192692630049,0.5905584182858201,73394
361,32000,0.4357574900989484,0.5898589446487889,73394
362,32200,0.4360797068149776,0.5897734285219642,73394
363,32400,0.43718257650534337,0.5881186401313376,73394
364,32600,0.43822528425851215,0.5869095778739458,73394
365,32800,0.43806692536064173,0.5859693858267516,73394
366,33000,0.4388669235029668,0.5853123321823497,73394
367,33200,0.43952015907364395,0.5844254444393449,73394
368,33400,0.43984569744634394,0.5836187610124277,73394
369,33600,0.4401377226992684,0.5826692210642114,73394
370,33800,0.44047448317134374,0.5814548380410246,73394
371,34000,0.4408676540324895,0.5812249356367534,73394
372,34200,0.44109184433654286,0.580634117760017,73394
373,34400,0.44113011790328,0.5801895575920174,73394
374,34600,0.4415546377344495,0.5790672193750233,73394
375,34800,0.4421919203525243,0.5785440437656165,73394
376,35000,0.44218192798254957,0.5775411904854957,73394
377,35200,0.44242683090943985,0.5769670628879928,73394
378,35400,0.4428429667914631,0.5766604377806646,73394
379,35600,0.44312570988658057,0.575919456804763,73394
380,35800,0.44353095393470127,0.574652820597456,73394
381,36000,0.4442427920286515,0.5735691761972027,73394
382,36200,0.4443727373824029,0.5732416731903291,73394
383,36400,0.44508170505559186,0.5728961000200228,73394
384,36600,0.44556033939923917,0.5719027787332502,73394
385,36800,0.4466998995711873,0.5708892888651484,73394
386,37000,0.4470796405403565,0.5702632797341305,73394
387,37200,0.4469590072811739,0.5701844275813976,73394
388,37400,0.4474212438484477,0.5692107499315026,73394
389,37600,0.44772228449887796,0.5684278720368212,73394
390,37800,0.44824318112189043,0.5681138169896163,73394
391,38000,0.4484145189274374,0.5676852851768438,73394
392,38200,0.44905463338085094,0.5672079684225986,73394
393,38400,0.4489937163597236,0.5668432362411812,73394
394,38600,0.44960069536306746,0.5658526944890628,73394
395,38800,0.4498369004705341,0.5658578829315326,73394
396,39000,0.4500968129820044,0.5656064356890997,73394
397,39200,0.45078796979427777,0.5646985160374611,73394
398,39400,0.45075059884931923,0.5644546720095741,73394
399,39600,0.4507735636988075,0.5635654881071387,73394
400,39800,0.45095033097127635,0.5635731758038197,73394
401,40000,0.45133160760491076,0.5626211280860953,73394
402,0,0.19901289378532294,0.8217910195532854,339789
403,200,0.19942323885686425,0.8212381735596299,339789
404,400,0.20013623793173974,0.8207101998797599,339789
405,600,0.20103215272444516,0.8202497427773545,339789
406,800,0.20175384218887832,0.8198721208393964,339789
407,1000,0.20259645507522064,0.819272802360628,339789
408,1200,0.2034798482072998,0.8187443660749828,339789
409,1400,0.20423176503803417,0.8182343335344658,339789
410,1600,0.20500304542344985,0.8179424545122831,339789
411,1800,0.20579427297637085,0.8173979982349489,339789
412,2000,0.20645040628288083,0.8169271924998555,339789
413,2200,0.20752363571193524,0.8165722073897559,339789
414,2400,0.20851152967134107,0.816211759707793,339789
415,2600,0.20905802016297,0.816015934212472,339789
416,2800,0.20970601696890362,0.8155894384533691,339789
417,3000,0.21074466370586714,0.8150625660146315,339789
418,3200,0.21183061425522812,0.8145131831559621,339789
419,3400,0.2125760700501524,0.8141679874207665,339789
420,3600,0.21337820778835442,0.8137174278421634,339789
421,3800,0.2138343171190539,0.8133001337243246,339789
422,4000,0.21457881629495043,0.8126519140255288,339789
423,4200,0.21538296557584896,0.8121690868930797,339789
424,4400,0.21599343987615005,0.8117231442908004,339789
425,4600,0.21690646070244152,0.8110361561338796,339789
426,4800,0.21768604035612113,0.8105752069125297,339789
427,5000,0.21835092169017395,0.8102004115504072,339789
428,5200,0.21918983458666247,0.8095907011738684,339789
429,5400,0.22011156731527703,0.809102232813273,339789
430,5600,0.2207901849660899,0.8084754659204753,339789
431,5800,0.22145662978877395,0.807970396349972,339789
432,6000,0.2216966160058306,0.8077589776453357,339789
433,6200,0.22232824759800335,0.8073510983130288,339789
434,6400,0.22289559430619746,0.8068274414230037,339789
435,6600,0.2240149469403279,0.8062913812217947,339789
436,6800,0.22515237785332173,0.8057679201744987,339789
437,7000,0.22550427845235332,0.8055686335050959,339789
438,7200,0.22642416105033164,0.8049154319634524,339789
439,7400,0.22725406095461928,0.8044068882011384,339789
440,7600,0.2280359621616783,0.8039765603374014,339789
441,7800,0.22875800092827567,0.8035770347268452,339789
442,8000,0.2295366126492417,0.8030278083296661,339789
443,8200,0.2301120825171636,0.8025937108530182,339789
444,8400,0.23082512081076056,0.8020132481211454,339789
445,8600,0.2314515005869755,0.8016703824758303,339789
446,8800,0.2319939541616614,0.8011518694881461,339789
447,9000,0.23262319794632563,0.800602859188042,339789
448,9200,0.2334201483252218,0.8001725942660108,339789
449,9400,0.23391525753424394,0.7997804284548351,339789
450,9600,0.2345703792588499,0.7992109682503417,339789
451,9800,0.23483333075670312,0.7988426246575532,339789
452,10000,0.2353431084295097,0.7984957055577935,339789
453,10200,0.23619176345664028,0.7979753829812247,339789
454,10400,0.2369788245968187,0.7974600189245508,339789
455,10600,0.2378030200477918,0.796783197793736,339789
456,10800,0.23877613760875976,0.7962648838485104,339789
457,11000,0.23922706539760485,0.7958630749837613,339789
458,11200,0.2397327959814631,0.7953977843560496,339789
459,11400,0.24029035646371005,0.7947700559110326,339789
460,11600,0.24098287001990132,0.7944660556875266,339789
461,11800,0.24161380792087042,0.7939788217997087,339789
462,12000,0.24228793183195715,0.7936745702447615,339789
463,12200,0.242939029212933,0.7929734818241186,339789
464,12400,0.24346078257001655,0.7926484572267842,339789
465,12600,0.2438741183908965,0.7920926336454962,339789
466,12800,0.24438631267305685,0.7915249502905645,339789
467,13000,0.24509505443047458,0.7911438604961833,339789
468,13200,0.24579186761262412,0.7904362366499778,339789
469,13400,0.2462481598541015,0.7901100958624417,339789
470,13600,0.2471954733355095,0.7896054629786421,339789
471,13800,0.24774214699391753,0.7892508026975219,339789
472,14000,0.24841357930546415,0.7888612611198028,339789
473,14200,0.24894942581679383,0.7884715245334363,339789
474,14400,0.24986664580809057,0.7881563820769035,339789
475,14600,0.2503400482406874,0.7878091065025786,339789
476,14800,0.25061585396216274,0.7874238491469333,339789
477,15000,0.2513220419670384,0.7871096534279417,339789
478,15200,0.25167651374380934,0.7866263369566205,339789
479,15400,0.2522058150964045,0.786206877635939,339789
480,15600,0.2527523573506689,0.7858208946289102,339789
481,15800,0.25347646421485726,0.7855213246455428,339789
482,16000,0.25410057103781847,0.7849233785462753,339789
483,16200,0.2546745532016843,0.7844134207640409,339789
484,16400,0.255186383566108,0.7840691258404943,339789
485,16600,0.2559692142249527,0.7836759750317714,339789
486,16800,0.25656885278365377,0.7831742225289583,339789
487,17000,0.2571215228468659,0.7827150886530315,339789
488,17200,0.2572602294668657,0.7823421568980946,339789
489,17400,0.257870670337748,0.7819851218941102,339789
490,17600,0.25832867162647677,0.7815242008110529,339789
491,17800,0.25890258407280753,0.780979948031212,339789
492,18000,0.2593834869860815,0.7806377467249743,339789
493,18200,0.2595891618894327,0.780077712831687,339789
494,18400,0.26006833645139843,0.7796892050209283,339789
495,18600,0.26045272002383857,0.7791574636071559,339789
496,18800,0.2610324037295486,0.778664360665419,339789
497,19000,0.2614573318153623,0.778261650664642,339789
498,19200,0.2622253439217701,0.7777995708382676,339789
499,19400,0.26270179415287226,0.7773543723476204,339789
500,19600,0.26319227766418196,0.7770412882746327,339789
501,19800,0.26382907947182255,0.7767956855311519,339789
502,20000,0.2641852885144427,0.7765394829150007,339789
503,20200,0.2648550615574779,0.7759661900751846,339789
504,20400,0.26531197864700623,0.7754234985941172,339789
505,20600,0.26597325869655103,0.7750285608888515,339789
506,20800,0.26646038629828633,0.7745501763923152,339789
507,21000,0.2667957468244122,0.7743413111518925,339789
508,21200,0.2674292671247455,0.7739501909209966,339789
509,21400,0.2679195323648577,0.7735718355047387,339789
510,21600,0.2684033848878647,0.7731257959714825,339789
511,21800,0.26894374641921914,0.7726320207650698,339789
512,22000,0.26955673060679186,0.7723433649959772,339789
513,22200,0.27010311911840623,0.771809478426584,339789
514,22400,0.2706718930950735,0.7714452422764039,339789
515,22600,0.2708893955942046,0.7709656587382974,339789
516,22800,0.2716009627529157,0.7703604471402816,339789
517,23000,0.2721210601353638,0.7699463122291043,339789
518,23200,0.2727373992833976,0.7696301210786872,339789
519,23400,0.27333813667610357,0.7692467495324257,339789
520,23600,0.2736477958607713,0.7688059437414302,339789
521,23800,0.27440027620075197,0.7683275143324081,339789
522,24000,0.27494723500211576,0.767884780812304,339789
523,24200,0.2755963797575152,0.7675514642572498,339789
524,24400,0.2759553284801298,0.7669866118102304,339789
525,24600,0.276512261488079,0.7665378153729127,339789
526,24800,0.2770494252820777,0.7662319971678132,339789
527,25000,0.2777470233064268,0.7659257067198852,339789
528,25200,0.2781006100762148,0.765466782541165,339789
529,25400,0.2786873125130574,0.7650860025671927,339789
530,25600,0.27940343496376396,0.7645793159421398,339789
531,25800,0.27977155728975206,0.7641471987515192,339789
532,26000,0.2800702496691537,0.7638976670208284,339789
533,26200,0.28067663484051786,0.7635653154605722,339789
534,26400,0.2811457572988966,0.7632894671507281,339789
535,26600,0.2816076121744831,0.7630928603666891,339789
536,26800,0.2821157791552636,0.762682380187222,339789
537,27000,0.2825546188885829,0.7621689367801999,339789
538,27200,0.2833218838121262,0.7616980474820382,339789
539,27400,0.2837864679672748,0.7613954648831024,339789
540,27600,0.2841786165585613,0.7611442163989819,339789
541,27800,0.28468426243739614,0.76037154611825,339789
542,28000,0.2852654389628568,0.7598687207588912,339789
543,28200,0.2857994333613679,0.7593280413846711,339789
544,28400,0.2861377311434344,0.7589238315560642,339789
545,28600,0.286515701127324,0.7586686338153211,339789
546,28800,0.28706432718097014,0.7582896204726702,339789
547,29000,0.2876100649797019,0.757977249996904,339789
548,29200,0.28794967948160555,0.7575824980823569,339789
549,29400,0.28820572445154136,0.757091122264172,339789
550,29600,0.2889604775837663,0.7565088735901587,339789
551,29800,0.28931706066529095,0.7562310176404782,339789
552,30000,0.2900625463333305,0.7558497857860198,339789
553,30200,0.29035678299661133,0.7553560231315833,339789
554,30400,0.29057013482166416,0.754960515320997,339789
555,30600,0.2910320726237702,0.7546910222642257,339789
556,30800,0.2915339739800309,0.7542093889925138,339789
557,31000,0.29187585114983283,0.7537023496823992,339789
558,31200,0.2922192551260838,0.7533760623528493,339789
559,31400,0.2927542414435738,0.7529263325844376,339789
560,31600,0.2932425265712099,0.7524444293798515,339789
561,31800,0.29364224293243946,0.7521146154711014,339789
562,32000,0.2942290223915018,0.7517372958122202,339789
563,32200,0.2947345332553198,0.7512755106770993,339789
564,32400,0.29532658284260205,0.7506247596116975,339789
565,32600,0.2957889920401135,0.7501492526248728,339789
566,32800,0.2965724731815231,0.7497745698773106,339789
567,33000,0.2967828742378555,0.7494197657477228,339789
568,33200,0.2971745096921286,0.7490776847926942,339789
569,33400,0.2973108371321766,0.7485055981406039,339789
570,33600,0.2977127043282895,0.7480885613568271,339789
571,33800,0.298647393306676,0.747667458300439,339789
572,34000,0.2989132021128638,0.7473991252920632,339789
573,34200,0.29945589720543336,0.7470001828002321,339789
574,34400,0.29999671618756735,0.7464661368923173,339789
575,34600,0.30030074972400783,0.7460628521522049,339789
576,34800,0.300801326645768,0.745744000628252,339789
577,35000,0.3010378708971061,0.7455593679078241,339789
578,35200,0.3013219674636819,0.7454011148138634,339789
579,35400,0.3016095626113276,0.7451210006131946,339789
580,35600,0.30198199676593285,0.7448714079691175,339789
581,35800,0.30240135533157975,0.7444880832851561,339789
582,36000,0.3026717981010948,0.7440803307999415,339789
583,36200,0.3030081777371822,0.7437945485771876,339789
584,36400,0.3035812258557816,0.7434572341968446,339789
585,36600,0.3040707051109094,0.743130552906887,339789
586,36800,0.3042637401233986,0.7427861482858477,339789
587,37000,0.3046855395351716,0.7424692696271823,339789
588,37200,0.3050524727374952,0.7420800914626445,339789
589,37400,0.30551836383430436,0.7418366196399183,339789
590,37600,0.306496319295913,0.7415103138979806,339789
591,37800,0.30711738923191045,0.7411909859607562,339789
592,38000,0.3076628609285075,0.7407007895138857,339789
593,38200,0.30804176966478297,0.7403621526748819,339789
594,38400,0.30801564258357983,0.7401060277863755,339789
595,38600,0.30846451759567306,0.7395955531248911,339789
596,38800,0.3089806592631352,0.7390568223278305,339789
597,39000,0.3093046927489594,0.7385966278382102,339789
598,39200,0.3096366984367796,0.7381080283891003,339789
599,39400,0.30970000350790516,0.7375421791819716,339789
600,39600,0.31020093990907577,0.737005349711128,339789
601,39800,0.31046760782532234,0.7367081492975821,339789
602,40000,0.31086496124511787,0.736151880407249,339789
603,0,0.19790892462254459,0.8201229359214309,2718318
604,200,0.19788720341160887,0.8200801892398384,2718318
605,400,0.19807463915242812,0.8200028200632264,2718318
606,600,0.19818845114560787,0.8199064942165528,2718318
607,800,0.19827751660685478,0.819852227697273,2718318
608,1000,0.19836324762520258,0.8198332609548513,2718318
609,1200,0.19836524928034116,0.8197709823826904,2718318
610,1400,0.19845051240057934,0.8196706074412079,2718318
611,1600,0.19857578993373884,0.819568929481745,2718318
612,1800,0.19861332942632554,0.8195038267268417,2718318
613,2000,0.19865486259834378,0.8194574641142224,2718318
614,2200,0.1987144108542995,0.819434652469322,2718318
615,2400,0.19875802420909228,0.8194079940193275,2718318
616,2600,0.19879535831843925,0.819371472935808,2718318
617,2800,0.19876733161871615,0.8193579663773592,2718318
618,3000,0.19875352308776437,0.8192632890462143,2718318
619,3200,0.1988157397255898,0.8192227269812548,2718318
620,3400,0.198911160635186,0.8191593364056365,2718318
621,3600,0.19895059585777314,0.8191850421766056,2718318
622,3800,0.19899837701099485,0.8191577694913912,2718318
623,4000,0.19907276565699084,0.8191598501404229,2718318
624,4200,0.1992086163022879,0.8190702343946769,2718318
625,4400,0.19933626201641647,0.8190124609489148,2718318
626,4600,0.19944097407035238,0.8190013235768231,2718318
627,4800,0.19954290504697939,0.8188969063518575,2718318
628,5000,0.19961806038862884,0.8188143605185315,2718318
629,5200,0.19965212113628822,0.8187946797717298,2718318
630,5400,0.19979987009953856,0.8187682845871797,2718318
631,5600,0.19993364232783667,0.8187065551498101,2718318
632,5800,0.20016770345466545,0.8186379116118555,2718318
633,6000,0.20025586748144125,0.8185224147668516,2718318
634,6200,0.20040690705553396,0.8184430080125176,2718318
635,6400,0.20039782044016238,0.8183836440942176,2718318
636,6600,0.2004936278916332,0.8183419715571142,2718318
637,6800,0.2006335527266883,0.8182285879066541,2718318
638,7000,0.20071487279235806,0.8181657713350216,2718318
639,7200,0.2007936686189539,0.8181399571650522,2718318
640,7400,0.20090090635307006,0.8180462032649177,2718318
641,7600,0.2010205819212772,0.8179814103965278,2718318
642,7800,0.2009704805127112,0.817937375643128,2718318
643,8000,0.2011119695426629,0.8178737901672969,2718318
644,8200,0.20123653020146326,0.8178810899620176,2718318
645,8400,0.20138712548736037,0.8178103616679115,2718318
646,8600,0.20144677227914728,0.817731148666022,2718318
647,8800,0.20154332111345424,0.8176310481008445,2718318
648,9000,0.2015750520375485,0.8175637008935692,2718318
649,9200,0.20157149577534092,0.8175403515397547,2718318
650,9400,0.201753551599941,0.8174282765821799,2718318
651,9600,0.20183167977697986,0.8173728413351978,2718318
652,9800,0.20194730226581561,0.8172992281790911,2718318
653,10000,0.20209082986860694,0.8172141996540043,2718318
654,10200,0.20223307289990242,0.8171646460943525,2718318
655,10400,0.20237966112355255,0.8170240534662155,2718318
656,10600,0.20256171466246303,0.8169493855773886,2718318
657,10800,0.20256370518104194,0.8168719790271232,2718318
658,11000,0.20267091833681736,0.8168132585169957,2718318
659,11200,0.20276092666745654,0.8167505502339506,2718318
660,11400,0.20285554155806743,0.8167364798962953,2718318
661,11600,0.20291323218106455,0.8166706800715084,2718318
662,11800,0.20292353084465894,0.8165794464537401,2718318
663,12000,0.20310444313123982,0.8165645661281078,2718318
664,12200,0.20325670101888252,0.8165066933875709,2718318
665,12400,0.20341811431867107,0.8164227970814313,2718318
666,12600,0.2037244278707323,0.8162745064790953,2718318
667,12800,0.2037494533431701,0.8162794564011097,2718318
668,13000,0.20374543942272255,0.8162037649713835,2718318
669,13200,0.20385207326306912,0.8161241980017453,2718318
670,13400,0.20392376540892437,0.8160954572473951,2718318
671,13600,0.20394747842135869,0.8161499740636627,2718318
672,13800,0.20401892470014066,0.8160505099273005,2718318
673,14000,0.20409844335262953,0.8159879059695123,2718318
674,14200,0.2041898712623448,0.8158877341899191,2718318
675,14400,0.20445536378573506,0.8157533506996719,2718318
676,14600,0.2044771572810233,0.8156436449343805,2718318
677,14800,0.20455520152987097,0.8155946312657482,2718318
678,15000,0.20464017296478396,0.8155293081074756,2718318
679,15200,0.204720607737879,0.815504303432029,2718318
680,15400,0.20481490409528672,0.8155045338029794,2718318
681,15600,0.20490660246868847,0.8154193409160019,2718318
682,15800,0.20498350566505463,0.8153812276049942,2718318
683,16000,0.20507072056042736,0.815300105168697,2718318
684,16200,0.20512085323648546,0.8152460621155183,2718318
685,16400,0.2051524227631316,0.815135184505706,2718318
686,16600,0.20521367518927264,0.8150932437050609,2718318
687,16800,0.20512344583169584,0.8150648115083458,2718318
688,17000,0.2052675189287553,0.8149864821525938,2718318
689,17200,0.20546244624105145,0.8149172267620426,2718318
690,17400,0.2055565882415845,0.8148742468117871,2718318
691,17600,0.20567371747078128,0.8148140525329346,2718318
692,17800,0.20586770182230932,0.8147405324596594,2718318
693,18000,0.20595239576259874,0.814674455308854,2718318
694,18200,0.20613051688592637,0.8146311751950254,2718318
695,18400,0.20611350093689892,0.8146113219745434,2718318
696,18600,0.2061372236711873,0.8145896910534344,2718318
697,18800,0.2062926423077092,0.8145620729765385,2718318
698,19000,0.20635290139291435,0.81454626418666,2718318
699,19200,0.2065425774016056,0.8144903156700081,2718318
700,19400,0.2066592226648646,0.8144484467889609,2718318
701,19600,0.2068030948044826,0.8144644836957295,2718318
702,19800,0.20693414883242106,0.814347331619465,2718318
703,20000,0.2069797106893501,0.8143121818538074,2718318
704,20200,0.20709469925355212,0.8142061936004853,2718318
705,20400,0.20720652432284628,0.8141518964592019,2718318
706,20600,0.20724298730899915,0.8141207136082657,2718318
707,20800,0.20736483835985658,0.8140597257828983,2718318
708,21000,0.20743042669258827,0.8140036713798985,2718318
709,21200,0.20762365130884258,0.8139317639928236,2718318
710,21400,0.2077694393974405,0.8138886542415463,2718318
711,21600,0.20780920294755495,0.8138783306728361,2718318
712,21800,0.20788357917455766,0.8138732930186973,2718318
713,22000,0.20812448251993812,0.813678917930238,2718318
714,22200,0.20824096213574741,0.8136319212292279,2718318
715,22400,0.20830726057079682,0.8135356657322754,2718318
716,22600,0.20840890327318087,0.8134820045021608,2718318
717,22800,0.20853476322249498,0.8134571912214601,2718318
718,23000,0.20872391838708737,0.8133808959967548,2718318
719,23200,0.20869932164948016,0.8133764124009027,2718318
720,23400,0.2087941050164212,0.8132812447544159,2718318
721,23600,0.20888208708392378,0.8132099174826377,2718318
722,23800,0.20895896503387915,0.813129972961217,2718318
723,24000,0.20907052622523453,0.8130735327513363,2718318
724,24200,0.20909242726988214,0.81304838697608,2718318
725,24400,0.20911856848349755,0.8129780494914655,2718318
726,24600,0.20918360855004098,0.8128577535513066,2718318
727,24800,0.2092897013965787,0.8127794201399332,2718318
728,25000,0.2093869334782332,0.812669893872563,2718318
729,25200,0.20952096487428432,0.8125820382238212,2718318
730,25400,0.2096542667496382,0.8125558610025141,2718318
731,25600,0.20967248393044205,0.8124825986793099,2718318
732,25800,0.209775109164234,0.8124337272233516,2718318
733,26000,0.20992130646612348,0.8123213419638159,2718318
734,26200,0.2099049960303366,0.8122351345661571,2718318
735,26400,0.2099292020467312,0.8122304455115951,2718318
736,26600,0.20991324775142603,0.8121750693861419,2718318
737,26800,0.2099617025532491,0.8121475825646156,2718318
738,27000,0.21015003274384383,0.812041790568536,2718318
739,27200,0.21025456554787758,0.8119409252773883,2718318
740,27400,0.21034772261599766,0.8118938474184572,2718318
741,27600,0.21041887046290034,0.8118170199476976,2718318
742,27800,0.21054699675789407,0.811726856577717,2718318
743,28000,0.2106531696225476,0.8117307799523361,2718318
744,28200,0.2107033873535048,0.8115942565111415,2718318
745,28400,0.21094461108302157,0.8115627571434206,2718318
746,28600,0.21099065008026543,0.8115343997339044,2718318
747,28800,0.21117487851210165,0.8114564565468069,2718318
748,29000,0.21129818677653797,0.8114072914320646,2718318
749,29200,0.21131735118430303,0.8113263607335809,2718318
750,29400,0.21143207096780145,0.8112200502829415,2718318
751,29600,0.21143191334398423,0.811228444273106,2718318
752,29800,0.21154295488606062,0.8111754038184974,2718318
753,30000,0.21166275333964882,0.8110888137297173,2718318
754,30200,0.21172870235128471,0.8110580122853358,2718318
755,30400,0.21182397324191357,0.8110004006903205,2718318
756,30600,0.21193309056825518,0.8109050233677912,2718318
757,30800,0.21201855571960654,0.8108576901743398,2718318
758,31000,0.21226588992533882,0.8107711957019449,2718318
759,31200,0.21244069282347,0.8107092443451772,2718318
760,31400,0.2125442829816962,0.8106943166508441,2718318
761,31600,0.21266899685380375,0.8106017131951753,2718318
762,31800,0.212687597238039,0.8105439673452894,2718318
763,32000,0.21273018207910685,0.810462967296326,2718318
764,32200,0.21282817207064866,0.8103749453826186,2718318
765,32400,0.21285684506958868,0.810277312686553,2718318
766,32600,0.2130349067776898,0.8101822675165679,2718318
767,32800,0.21310278972602772,0.8101021469500856,2718318
768,33000,0.2131805841517242,0.810059296256537,2718318
769,33200,0.2133499189523706,0.8099327048441299,2718318
770,33400,0.21345404298281598,0.8098305641867177,2718318
771,33600,0.21363690707937494,0.8097115734338675,2718318
772,33800,0.21374887823906624,0.8096388057015286,2718318
773,34000,0.2138507285654029,0.8095584353588148,2718318
774,34200,0.21391414389087415,0.8094948551160425,2718318
775,34400,0.21391152613601597,0.8094145727804272,2718318
776,34600,0.21411754815657397,0.8092528782079067,2718318
777,34800,0.21416662281842214,0.8091403302396581,2718318
778,35000,0.21424649484961902,0.8091130716395142,2718318
779,35200,0.21440309412134992,0.8089869725337129,2718318
780,35400,0.21450201569446992,0.8088788907908692,2718318
781,35600,0.2144962452659682,0.8087942431606133,2718318
782,35800,0.2145634612263633,0.8088154931278994,2718318
783,36000,0.21457378215523443,0.8087739634334449,2718318
784,36200,0.2145856352815351,0.8087634581160057,2718318
785,36400,0.2145906269822817,0.8087268892729261,2718318
786,36600,0.21462240960230122,0.8087162119977988,2718318
787,36800,0.21473734368101935,0.8086163629884471,2718318
788,37000,0.21483635850754068,0.808528787226541,2718318
789,37200,0.21495116498164235,0.8084764088698616,2718318
790,37400,0.21508068951888015,0.8084129632455526,2718318
791,37600,0.21509063370924494,0.8083633304902557,2718318
792,37800,0.2151254062790859,0.8083402567557724,2718318
793,38000,0.21520446210669564,0.8082943252833119,2718318
794,38200,0.21533908908014615,0.8082332033395739,2718318
795,38400,0.21548008569799496,0.8081507019435773,2718318
796,38600,0.21551110837435342,0.8081448893022048,2718318
797,38800,0.21560863204575403,0.8080529980967569,2718318
798,39000,0.2156500024578559,0.8079871278469205,2718318
799,39200,0.2158140113586455,0.8078852021546569,2718318
800,39400,0.2160087083468461,0.807867875450869,2718318
801,39600,0.2159956121619866,0.8078106141773939,2718318
802,39800,0.21606616613508856,0.8077653939550383,2718318
803,40000,0.21612567988740367,0.8077136712626691,2718318
